,geohash
0,8811890c1bfffff
1,8811890d5bfffff
2,8811891a05fffff
3,8811891a47fffff
4,8811890037fffff
5,881189736bfffff
6,8811890db9fffff
7,8811890d83fffff
8,8811894689fffff
9,881189700bfffff
10,8811890a33fffff
11,8811890da1fffff
12,8811890c23fffff
13,881189036bfffff
14,8811897293fffff
15,8811890d01fffff
16,88118911bdfffff
17,88118912d5fffff
18,8811890c85fffff
19,8811890de5fffff
20,8811890edbfffff
21,88118909d5fffff
22,88118970ebfffff
23,88118911a7fffff
24,8811890267fffff
25,8811890981fffff
26,8811890201fffff
27,8811890535fffff
28,881189709bfffff
29,881189703bfffff
30,88118902c1fffff
31,8811897039fffff
32,8811890ca5fffff
33,8811890205fffff
34,881189082bfffff
35,881189731bfffff
36,881189051dfffff
37,8811897623fffff
38,8811891567fffff
39,8811890dedfffff
40,881189723dfffff
41,8811891803fffff
42,8811890c8dfffff
43,8811890243fffff
44,8811891165fffff
45,8811890abdfffff
46,8811890563fffff
47,8811890f57fffff
48,8811890e55fffff
49,88118908bbfffff
50,881189016bfffff
51,8811890507fffff
52,881189772bfffff
53,8811890585fffff
54,88118918e1fffff
55,8811891a9dfffff
56,8811891ad1fffff
57,88118900b7fffff
58,8811890815fffff
59,8811890347fffff
60,8811890c4dfffff
61,8811890909fffff
62,8811890029fffff
63,881189152bfffff
64,88118910b3fffff
65,8811890e59fffff
66,8811897201fffff
67,8811891a19fffff
68,8811890d31fffff
69,8811890f59fffff
70,8811891535fffff
71,8811890ab5fffff
72,8811890363fffff
73,881189c4b7fffff
74,8811897033fffff
75,8811890e11fffff
76,8811890313fffff
77,8811893b49fffff
78,881189702bfffff
79,88118902c7fffff
80,8811893b4dfffff
81,8811890857fffff
82,88118905a5fffff
83,8811891a1dfffff
84,8811890dc7fffff
85,8811890a85fffff
86,8811890cadfffff
87,88118901b1fffff
88,8811891ac3fffff
89,88118970d9fffff
90,8811890d59fffff
91,88118972d7fffff
92,881189036dfffff
93,8811891a07fffff
94,881189726dfffff
95,8811890d41fffff
96,8811890763fffff
97,8811897241fffff
98,88118909c3fffff
99,8811897649fffff
100,8811890807fffff
101,8811890057fffff
102,88118970adfffff
103,8811890a11fffff
104,881189089bfffff
105,8811897451fffff
106,8811890e0bfffff
107,881189091bfffff
108,8811897735fffff
109,88118909bbfffff
110,8811897765fffff
111,8811897407fffff
112,8811890d21fffff
113,88118909cdfffff
114,8811890887fffff
115,8811890e01fffff
116,8811890ae7fffff
117,8811890e43fffff
118,881189004bfffff
119,8811897665fffff
120,8811891011fffff
121,8811890885fffff
122,8811890253fffff
123,881189724bfffff
124,8811890d9bfffff
125,8811897349fffff
126,8811890235fffff
127,8811890d61fffff
128,8811890295fffff
129,881189700dfffff
130,8811897721fffff
131,881189776dfffff
132,881189722dfffff
133,8811897447fffff
134,88118976e3fffff
135,8811897251fffff
136,881189775dfffff
137,8811890825fffff
138,8811890565fffff
139,8811890f61fffff
140,881189019dfffff
141,881189745bfffff
142,8811897345fffff
143,8811890e63fffff
144,88118901d5fffff
145,8811890a9bfffff
146,8811897055fffff
147,88118901b9fffff
148,88118919d1fffff
149,881189110bfffff
150,881189082dfffff
151,8811890e09fffff
152,88118900d7fffff
153,8811890dd7fffff
154,88118908b9fffff
155,88118910c3fffff
156,8811891113fffff
157,88118976ebfffff
158,88118902edfffff
159,88118900c7fffff
160,8811890ca1fffff
161,8811890991fffff
162,88118970bdfffff
163,8811890e45fffff
164,88118902b5fffff
165,8811890d29fffff
166,8811890569fffff
167,8811890dd9fffff
168,8811891ac5fffff
169,88118946c3fffff
170,881189034dfffff
171,8811891a3bfffff
172,88118946c5fffff
173,8811891115fffff
174,8811890539fffff
175,8811897729fffff
176,8811897747fffff
177,8811890119fffff
178,8811890811fffff
179,8811890341fffff
180,8811890d09fffff
181,88118946d1fffff
182,8811890c21fffff
183,88118972a9fffff
184,8811894681fffff
185,88118918c1fffff
186,8811891119fffff
187,88118946e7fffff
188,88118908bdfffff
189,881189004dfffff
190,88118970d1fffff
191,8811891013fffff
192,88118909dbfffff
193,88118911e5fffff
194,8811890353fffff
195,8811890ca9fffff
196,8811890e35fffff
197,8811890f1bfffff
198,881189735dfffff
199,881189468dfffff
200,8811891053fffff
201,88118902e5fffff
202,881189129dfffff
203,8811890ce7fffff
204,8811897245fffff
205,88118902e7fffff
206,881189746bfffff
207,88118946a9fffff
208,8811890041fffff
209,881189181bfffff
210,881189774dfffff
211,8811897657fffff
212,8811890e81fffff
213,88118946cdfffff
214,8811897269fffff
215,881189101bfffff
216,8811891859fffff
217,88118900d1fffff
218,88118971dbfffff
219,8811890883fffff
220,8811891185fffff
221,8811890ab9fffff
222,8811890291fffff
223,8811890e33fffff
224,8811890dbbfffff
225,8811897559fffff
226,8811890e25fffff
227,881189076bfffff
228,881189744dfffff
229,881189153dfffff
230,8811897357fffff
231,8811891891fffff
232,88118902b7fffff
233,8811890b13fffff
234,88118909cbfffff
235,8811890eb1fffff
236,8811890d53fffff
237,881189025bfffff
238,881189105dfffff
239,88118970cbfffff
240,8811890a83fffff
241,8811891097fffff
242,8811890e5dfffff
243,88118901ddfffff
244,88118946c1fffff
245,8811890eddfffff
246,881189026bfffff
247,8811897045fffff
248,8811890ad3fffff
249,8811891883fffff
250,8811890227fffff
251,8811890a3dfffff
252,8811890eb5fffff
253,8811890ac5fffff
254,8811890731fffff
255,8811890ea3fffff
256,8811890da3fffff
257,8811890897fffff
258,8811890903fffff
259,8811890193fffff
260,8811890249fffff
261,8811890d03fffff
262,8811890881fffff
263,8811890d49fffff
264,881189033dfffff
265,8811890155fffff
266,88118902e1fffff
267,8811890323fffff
268,88118909a3fffff
269,88118918cbfffff
270,8811890a07fffff
271,88118908cdfffff
272,8811890737fffff
273,8811890b17fffff
274,88118972a5fffff
275,8811891a55fffff
276,8811890ab7fffff
277,88118901dbfffff
278,8811890067fffff
279,8811890f2bfffff
280,8811890533fffff
281,8811891ae5fffff
282,8811897313fffff
283,88118902a1fffff
284,881189744bfffff
285,881189029bfffff
286,8811890d89fffff
287,8811890293fffff
288,8811890945fffff
289,8811890e37fffff
290,8811897363fffff
291,8811897613fffff
292,8811890ca7fffff
293,8811890745fffff
294,8811890e19fffff
295,8811890327fffff
296,8811890d97fffff
297,8811890f5dfffff
298,88118912a3fffff
299,8811890aa7fffff
300,8811890063fffff
301,8811890e83fffff
302,8811890cc7fffff
303,88118911abfffff
304,8811891aadfffff
305,8811890dc5fffff
306,8811890cabfffff
307,8811890817fffff
308,8811890531fffff
309,8811891ae9fffff
310,88118908abfffff
311,8811890ad9fffff
312,8811890dabfffff
313,88118902d7fffff
314,8811890e05fffff
315,88118946d9fffff
316,88118902bdfffff
317,8811890d33fffff
318,88118911a3fffff
319,8811890843fffff
320,8811897081fffff
321,8811890e47fffff
322,8811890839fffff
323,8811891a6bfffff
324,8811890919fffff
325,88118976e5fffff
326,8811890813fffff
327,8811897291fffff
328,8811890ed9fffff
329,8811890cb5fffff
330,881189111dfffff
331,8811890c47fffff
332,8811890c59fffff
333,881189770bfffff
334,881189771dfffff
335,881189185bfffff
336,8811890953fffff
337,88118946ebfffff
338,8811897083fffff
339,88118918dbfffff
340,88118911c9fffff
341,8811890217fffff
342,8811890e87fffff
343,88118918b1fffff
344,8811897405fffff
345,8811897047fffff
346,8811891ac1fffff
347,8811897743fffff
348,8811890f4dfffff
349,88118901a7fffff
350,88118908a9fffff
351,8811890529fffff
352,881189020dfffff
353,8811891027fffff
354,8811890d3bfffff
355,8811891a8bfffff
356,8811890225fffff
357,8811897639fffff
358,88118918ddfffff
359,8811891a8dfffff
360,8811891565fffff
361,88118912b1fffff
362,88118902d3fffff
363,8811890d87fffff
364,8811890dcbfffff
365,8811890a8dfffff
366,8811890a1bfffff
367,8811890047fffff
368,881189010bfffff
369,8811890d65fffff
370,8811891033fffff
371,88118972d9fffff
372,88118900c1fffff
373,88118910e5fffff
374,8811897741fffff
375,88118911c5fffff
376,8811890d81fffff
377,8811890889fffff
378,8811890207fffff
379,88118909d7fffff
380,8811897261fffff
381,8811890e65fffff
382,8811890ccbfffff
383,8811897295fffff
384,8811890a87fffff
385,881189014dfffff
386,8811897007fffff
387,881189108dfffff
388,8811890a03fffff
389,8811890db3fffff
390,8811894611fffff
391,8811890dc1fffff
392,881189023bfffff
393,8811890e93fffff
394,88118918c9fffff
395,8811891111fffff
396,88118909a9fffff
397,8811890319fffff
398,8811897635fffff
399,8811897259fffff
400,8811897629fffff
401,8811890c63fffff
402,8811897429fffff
403,881189183bfffff
404,8811890addfffff
405,8811890e1bfffff
406,88118908a5fffff
407,8811897305fffff
408,8811897723fffff
409,881189189bfffff
410,88118905a7fffff
411,88118970c3fffff
412,8811890ea7fffff
413,8811890f01fffff
414,88118918cdfffff
415,8811890913fffff
416,8811890ea5fffff
417,8811891055fffff
418,881189084dfffff
419,8811897237fffff
420,881189032bfffff
421,8811890305fffff
422,8811890ed3fffff
423,8811897409fffff
424,8811897209fffff
425,8811893b69fffff
426,8811890111fffff
427,8811898da1fffff
428,8811890dbdfffff
429,8811890025fffff
430,8811890ca3fffff
431,8811891a81fffff
432,8811890c41fffff
433,88118901ebfffff
434,8811890cc3fffff
435,8811890369fffff
436,8811890e89fffff
437,881189081bfffff
438,8811891191fffff
439,8811891a0dfffff
440,88118912bdfffff
441,881189755bfffff
442,88118905adfffff
443,8811897011fffff
444,88118946e9fffff
445,88118901a5fffff
446,8811890d39fffff
447,88118918d9fffff
448,8811897361fffff
449,8811891a41fffff
450,88118912adfffff
451,8811891199fffff
452,8811890aabfffff
453,8811890939fffff
454,8811897249fffff
455,8811894633fffff
456,8811891ab1fffff
457,88118908cbfffff
458,8811890c65fffff
459,8811891023fffff
460,8811890f35fffff
461,8811890a51fffff
462,881189764bfffff
463,8811890f63fffff
464,8811891887fffff
465,8811891009fffff
466,8811890d45fffff
467,88118908d9fffff
468,8811894691fffff
469,881189760dfffff
470,881189109bfffff
471,88118972e7fffff
472,8811898dabfffff
473,88118910ddfffff
474,8811897013fffff
475,8811891aabfffff
476,88118910abfffff
477,8811890d63fffff
478,881189050bfffff
479,88118901e5fffff
480,88118911a1fffff
481,881189009dfffff
482,8811890509fffff
483,8811897289fffff
484,8811891a15fffff
485,88118911c3fffff
486,8811897611fffff
487,8811891237fffff
488,8811891aa9fffff
489,8811890f69fffff
490,881189022dfffff
491,8811890e2bfffff
492,8811890113fffff
493,8811890943fffff
494,8811891183fffff
495,88118900cbfffff
496,8811897739fffff
497,8811890297fffff
498,881189741dfffff
499,881189118dfffff
500,881189003dfffff
501,8811890301fffff
502,8811890899fffff
503,8811897749fffff
504,88118911d5fffff
505,88118918a1fffff
506,8811890ebbfffff
507,881189012bfffff
508,881189764dfffff
509,8811890aadfffff
510,88118909e5fffff
511,8811891895fffff
512,8811890891fffff
513,8811890cb1fffff
514,881189055bfffff
515,8811890059fffff
516,8811890ebdfffff
517,88118908b1fffff
518,881189763bfffff
519,8811890231fffff
520,88118908d5fffff
521,881189c4b3fffff
522,88118905e3fffff
523,8811890241fffff
524,8811891acdfffff
525,88118902abfffff
526,8811897761fffff
527,8811890d15fffff
528,8811890e0dfffff
529,8811890f0bfffff
530,8811891a97fffff
531,8811897441fffff
532,881189033bfffff
533,8811890523fffff
534,88118902a7fffff
535,88118900edfffff
536,8811891aa1fffff
537,88118909edfffff
538,881189762bfffff
539,8811890151fffff
540,8811890e9dfffff
541,88118910c5fffff
542,8811890f29fffff
543,88118902dbfffff
544,88118900ebfffff
545,8811897063fffff
546,8811891a91fffff
547,8811890147fffff
548,8811890315fffff
549,8811897031fffff
550,8811890eb3fffff
551,881189724dfffff
552,88118901c3fffff
553,88118900c9fffff
554,8811890e3bfffff
555,8811890567fffff
556,8811890e49fffff
557,88118918d3fffff
558,88118900d3fffff
559,8811897645fffff
560,8811890907fffff
561,8811897763fffff
562,88118900c3fffff
563,8811890847fffff
564,88118912a7fffff
565,8811897089fffff
566,8811891101fffff
567,8811890019fffff
568,881189740bfffff
569,8811890011fffff
570,881189736dfffff
571,8811890cb7fffff
572,881189728dfffff
573,8811891ae3fffff
574,8811897001fffff
575,881189119bfffff
576,88118972e5fffff
577,88118912c5fffff
578,8811890ec9fffff
579,881189093dfffff
580,88118900e7fffff
581,8811890561fffff
582,881189093bfffff
583,8811891537fffff
584,881189774bfffff
585,8811890e13fffff
586,88118908b7fffff
587,8811890f33fffff
588,88118912a1fffff
589,8811897309fffff
590,8811897745fffff
591,881189002dfffff
592,8811897713fffff
593,8811890329fffff
594,8811891aa7fffff
595,881189028bfffff
596,881189099dfffff
597,8811890dcdfffff
598,8811897005fffff
599,881189015bfffff
600,8811890303fffff
601,8811890107fffff
602,881189720dfffff
603,8811890931fffff
604,8811890e69fffff
605,8811890933fffff
606,8811890125fffff
607,881189128dfffff
608,8811897247fffff
609,88118905edfffff
610,8811890831fffff
611,8811897199fffff
612,8811890901fffff
613,88118909b7fffff
614,881189019bfffff
615,8811890121fffff
616,8811891a3dfffff
617,88118912d3fffff
618,8811890f27fffff
619,88118970c5fffff
620,8811890c13fffff
621,8811891017fffff
622,8811891a13fffff
623,88118909c9fffff
624,881189010dfffff
625,8811891a43fffff
626,8811891003fffff
627,8811890001fffff
628,88118971d9fffff
629,8811891153fffff
630,881189705bfffff
631,88118912ebfffff
632,881189096bfffff
633,88118911d3fffff
634,8811894655fffff
635,8811890aa9fffff
636,8811890139fffff
637,8811890993fffff
638,8811897641fffff
639,8811890d6bfffff
640,88118902a5fffff
641,8811890ec1fffff
642,88118910b9fffff
643,881189188bfffff
644,8811897231fffff
645,8811890c43fffff
646,8811890299fffff
647,8811890de3fffff
648,881189098bfffff
649,8811891aa5fffff
650,8811891109fffff
651,8811897705fffff
652,8811890349fffff
653,88118908adfffff
654,8811890823fffff
655,881189028dfffff
656,88118902ebfffff
657,8811897459fffff
658,8811890859fffff
659,8811890245fffff
660,8811897265fffff
661,8811890549fffff
662,8811897769fffff
663,881189008dfffff
664,8811897253fffff
665,88118900e5fffff
666,88118911b3fffff
667,8811891529fffff
668,88118972adfffff
669,8811897757fffff
670,8811890f49fffff
671,8811890ccdfffff
672,8811891283fffff
673,88118972c5fffff
674,8811890335fffff
675,881189765bfffff
676,8811890ac7fffff
677,8811890929fffff
678,881189073dfffff
679,8811897751fffff
680,8811891a57fffff
681,88118918adfffff
682,88118910b7fffff
683,88118900e9fffff
684,88118918bbfffff
685,8811890c5bfffff
686,8811890e9bfffff
687,881189740dfffff
688,8811890dadfffff
689,88118901cbfffff
690,8811890e53fffff
691,8811890343fffff
692,8811890869fffff
693,8811897051fffff
694,8811890eadfffff
695,8811890d4dfffff
696,8811890091fffff
697,8811890947fffff
698,8811891187fffff
699,88118970e1fffff
700,8811890819fffff
701,8811897219fffff
702,8811890c57fffff
703,8811891897fffff
704,88118946adfffff
705,8811891059fffff
706,881189725bfffff
707,8811890527fffff
708,8811890995fffff
709,8811897355fffff
710,88118909ebfffff
711,88118901b5fffff
712,88118908a7fffff
713,8811891197fffff
714,8811890d5dfffff
715,8811890ad1fffff
716,881189052dfffff
717,88118909b1fffff
718,8811890065fffff
719,881189076dfffff
720,8811897015fffff
721,8811891a53fffff
722,8811891127fffff
723,8811890e4dfffff
724,88118976e7fffff
725,8811890129fffff
726,8811890f43fffff
727,8811890d43fffff
728,88118972dbfffff
729,8811891297fffff
730,881189773dfffff
731,881189721bfffff
732,88118911ddfffff
733,88118918a9fffff
734,8811890851fffff
735,8811890101fffff
736,8811891123fffff
737,8811897457fffff
738,8811890e85fffff
739,8811891a17fffff
740,8811897019fffff
741,88118911d7fffff
742,88118946d5fffff
743,88118901d3fffff
744,88118912d7fffff
745,8811890161fffff
746,8811897727fffff
747,88118946e3fffff
748,8811891035fffff
749,8811891181fffff
750,88118911e3fffff
751,8811891ad5fffff
752,88118908d1fffff
753,88118909bdfffff
754,8811890f39fffff
755,8811890239fffff
756,88118918c5fffff
757,8811890aa3fffff
758,8811897233fffff
759,88118972c1fffff
760,8811890259fffff
761,881189734dfffff
762,88118912a5fffff
763,88118911b9fffff
764,881189006dfffff
765,88118901e9fffff
766,881189109dfffff
767,881189024bfffff
768,88118901e7fffff
769,8811890cc1fffff
770,88118919dbfffff
771,8811890935fffff
772,8811890f6bfffff
773,881189088bfffff
774,88118900cdfffff
775,8811890aa5fffff
776,8811897609fffff
777,88118909b9fffff
778,88118910d9fffff
779,8811890a5dfffff
780,88118909d9fffff
781,8811890725fffff
782,8811890ddbfffff
783,8811891aebfffff
784,881189023dfffff
785,8811890855fffff
786,881189704bfffff
787,88118901d7fffff
788,8811897711fffff
789,88118976c5fffff
790,881189706bfffff
791,8811894695fffff
792,8811891a01fffff
793,88118909e9fffff
794,8811890d0bfffff
795,8811891a45fffff
796,8811897603fffff
797,8811890045fffff
798,8811890ad7fffff
799,8811890255fffff
800,881189745dfffff
801,8811890a95fffff
802,88118905a9fffff
803,88118911ebfffff
804,8811890017fffff
805,8811890841fffff
806,8811890c0dfffff
807,8811890005fffff
808,881189018bfffff
809,8811894653fffff
810,8811891015fffff
811,881189086dfffff
812,881189112bfffff
813,8811890ce5fffff
814,8811890517fffff
815,8811890809fffff
816,881189105bfffff
817,8811891ad9fffff
818,8811890a9dfffff
819,8811890761fffff
820,8811890ae9fffff
821,8811890ec3fffff
822,88118911bbfffff
823,88118902b3fffff
824,881189009bfffff
825,8811890f3dfffff
826,881189098dfffff
827,8811890525fffff
828,8811897449fffff
829,8811890261fffff
830,8811890c5dfffff
831,8811897095fffff
832,88118972bbfffff
833,881189729bfffff
834,88118946d7fffff
835,8811890281fffff
836,8811891563fffff
837,88118908c5fffff
838,8811890c2bfffff
839,8811891ad3fffff
840,881189129bfffff
841,881189723bfffff
842,8811891ac7fffff
843,88118912b7fffff
844,881189086bfffff
845,88118915a5fffff
846,8811897217fffff
847,881189032dfffff
848,8811897753fffff
849,8811890f65fffff
850,8811890219fffff
851,8811897667fffff
852,88118909e3fffff
853,88118972b3fffff
854,8811890543fffff
855,88118900b9fffff
856,88118909d1fffff
857,8811890213fffff
858,8811890165fffff
859,881189181dfffff
860,8811890765fffff
861,8811890965fffff
862,8811890a59fffff
863,88118918a3fffff
864,8811890db1fffff
865,88118900e3fffff
866,8811890013fffff
867,881189022bfffff
868,8811890805fffff
869,8811897401fffff
870,8811891a9bfffff
871,8811890999fffff
872,8811890969fffff
873,8811890ac3fffff
874,88118902c5fffff
875,881189089dfffff
876,8811890985fffff
877,88118900b1fffff
878,88118918c3fffff
879,8811897467fffff
880,881189761dfffff
881,88118905e9fffff
882,88118918e9fffff
883,8811890135fffff
884,881189730bfffff
885,8811890d0dfffff
886,88118908e7fffff
887,8811891081fffff
888,8811890331fffff
889,8811890a97fffff
890,8811890d19fffff
891,88118900dbfffff
892,8811891025fffff
893,88118918e3fffff
894,8811890e6dfffff
895,8811891289fffff
896,88118909a5fffff
897,88118911c1fffff
898,8811890d93fffff
899,8811890d2dfffff
900,881189016dfffff
901,8811890195fffff
902,8811890d6dfffff
903,881189084bfffff
904,88118911e9fffff
905,8811890de9fffff
906,8811891545fffff
907,8811897059fffff
908,8811890845fffff
909,8811890189fffff
910,88118946e5fffff
911,8811890c09fffff
912,8811891a87fffff
913,8811890eedfffff
914,8811894613fffff
915,8811890acbfffff
916,8811890e15fffff
917,8811893b4bfffff
918,88118918abfffff
919,8811891a11fffff
920,8811890031fffff
921,8811890a8bfffff
922,8811897607fffff
923,8811891889fffff
924,88118909c5fffff
925,8811890a91fffff
926,8811890da9fffff
927,8811891087fffff
928,88118912bbfffff
929,88118901a1fffff
930,8811897359fffff
931,8811897303fffff
932,881189735bfffff
933,8811890895fffff
934,8811891521fffff
935,88118912d1fffff
936,8811897285fffff
937,8811891281fffff
938,8811891083fffff
939,8811890d11fffff
940,8811894651fffff
941,8811897715fffff
942,8811890dddfffff
943,8811890ee3fffff
944,88118905a3fffff
945,8811890d99fffff
946,88118912e1fffff
947,8811890835fffff
948,8811890ea9fffff
949,88118912b3fffff
950,88118905e5fffff
951,88118908c3fffff
952,8811897267fffff
953,88118972ebfffff
954,8811891833fffff
955,8811897651fffff
956,881189746dfffff
957,8811890debfffff
958,88118905e7fffff
959,881189083dfffff
960,8811891899fffff
961,8811897419fffff
962,8811890e17fffff
963,88118900abfffff
964,8811890133fffff
965,8811890311fffff
966,8811890b39fffff
967,88118900a1fffff
968,88118900c5fffff
969,88118910e1fffff
970,8811891523fffff
971,8811890ec5fffff
972,88118946b1fffff
973,881189761bfffff
974,88118972e9fffff
975,88118911edfffff
976,8811890ed7fffff
977,88118901b7fffff
978,8811897601fffff
979,8811890127fffff
980,8811891a83fffff
981,8811890e27fffff
982,8811890ee1fffff
983,88118970a9fffff
984,881189709dfffff
985,8811890d67fffff
986,88118970abfffff
987,8811890927fffff
988,881189091dfffff
989,88118910a1fffff
990,8811890e4bfffff
991,8811890085fffff
992,8811891051fffff
993,8811890b33fffff
994,8811890115fffff
995,8811891881fffff
996,8811890955fffff
997,881189728bfffff
998,88118910cdfffff
999,8811890559fffff
1000,88118910d1fffff
1001,8811890123fffff
1002,8811890dd3fffff
1003,881189095dfffff
1004,881189000dfffff
1005,8811897455fffff
1006,88118946dbfffff
1007,881189188dfffff
1008,8811890ab3fffff
1009,88118972edfffff
1010,8811890351fffff
1011,8811890a35fffff
1012,8811890e91fffff
1013,881189725dfffff
1014,8811890c3dfffff
1015,8811890185fffff
1016,8811890a23fffff
1017,8811890309fffff
1018,88118976cdfffff
1019,8811890f03fffff
1020,88118912b9fffff
1021,8811890307fffff
1022,881189766bfffff
1023,881189773bfffff
1024,8811890ab1fffff
1025,88118946a1fffff
1026,881189030dfffff
1027,881189469bfffff
1028,8811897003fffff
1029,8811897329fffff
1030,8811891ac9fffff
1031,8811890911fffff
1032,8811890015fffff
1033,8811897653fffff
1034,88118918d1fffff
1035,8811897605fffff
1036,88118905abfffff
1037,8811890221fffff
1038,881189103dfffff
1039,8811897225fffff
1040,8811890729fffff
1041,8811891a39fffff
1042,8811897469fffff
1043,8811890c2dfffff
1044,8811890c11fffff
1045,8811891019fffff
1046,881189034bfffff
1047,8811890e8dfffff
1048,8811890e99fffff
1049,8811890233fffff
1050,8811891527fffff
1051,881189c4b5fffff
1052,8811897701fffff
1053,88118918b5fffff
1054,8811890515fffff
1055,8811890021fffff
1056,8811890867fffff
1057,881189463bfffff
1058,8811890103fffff
1059,881189000bfffff
1060,88118901d1fffff
1061,8811897211fffff
1062,8811897235fffff
1063,8811891a5dfffff
1064,88118972d1fffff
1065,8811890145fffff
1066,8811890093fffff
1067,8811897719fffff
1068,8811890d35fffff
1069,8811897049fffff
1070,8811897009fffff
1071,8811897087fffff
1072,8811890321fffff
1073,881189030bfffff
1074,8811891295fffff
1075,88118970ddfffff
1076,8811890cbdfffff
1077,8811890e1dfffff
1078,8811890cc9fffff
1079,881189775bfffff
1080,8811891a1bfffff
1081,8811890e23fffff
1082,88118908dbfffff
1083,8811897637fffff
1084,8811890f05fffff
1085,88118911d1fffff
1086,8811897617fffff
1087,8811890337fffff
1088,881189092bfffff
1089,88118911cdfffff
1090,8811890ce9fffff
1091,8811890c29fffff
1092,8811897307fffff
1093,8811891893fffff
1094,88118946bbfffff
1095,881189031bfffff
1096,88118970e5fffff
1097,8811897731fffff
1098,8811890d05fffff
1099,8811890d51fffff
1100,8811897223fffff
1101,88118970cdfffff
1102,88118902c9fffff
1103,8811890e6bfffff
1104,8811891137fffff
1105,8811890827fffff
1106,8811897463fffff
1107,881189011bfffff
1108,88118972b7fffff
1109,88118909c1fffff
1110,8811890039fffff
1111,88118908e1fffff
1112,8811897255fffff
1113,8811890e29fffff
1114,8811890921fffff
1115,8811890215fffff
1116,88118900b3fffff
1117,88118910bbfffff
1118,881189701bfffff
1119,8811890853fffff
1120,88118910c9fffff
1121,8811890209fffff
1122,881189776bfffff
1123,8811891095fffff
1124,88118912c7fffff
1125,881189734bfffff
1126,88118902c3fffff
1127,8811890ce3fffff
1128,8811890ae5fffff
1129,88118909b3fffff
1130,8811890049fffff
1131,8811890f11fffff
1132,8811890c33fffff
1133,881189021bfffff
1134,8811890937fffff
1135,8811890eabfffff
1136,881189720bfffff
1137,8811890187fffff
1138,88118918bdfffff
1139,8811890d37fffff
1140,8811890263fffff
1141,881189765dfffff
1142,8811890c25fffff
1143,8811891725fffff
1144,8811890199fffff
1145,88118970edfffff
1146,881189008bfffff
1147,8811890007fffff
1148,88118946d3fffff
1149,8811891121fffff
1150,8811890b31fffff
1151,8811897341fffff
1152,8811890997fffff
1153,8811891adbfffff
1154,88118970dbfffff
1155,881189703dfffff
1156,8811890c6dfffff
1157,8811897759fffff
1158,8811897643fffff
1159,8811890767fffff
1160,88118908edfffff
1161,88118900adfffff
1162,88118911c7fffff
1163,881189090bfffff
1164,8811891299fffff
1165,8811890035fffff
1166,8811897369fffff
1167,881189001dfffff
1168,8811890941fffff
1169,88118972b5fffff
1170,8811890c19fffff
1171,8811890143fffff
1172,88118908d7fffff
1173,8811890cedfffff
1174,8811890833fffff
1175,8811890917fffff
1176,8811891103fffff
1177,8811890849fffff
1178,881189732bfffff
1179,8811890197fffff
1180,8811890a19fffff
1181,8811890137fffff
1182,88118902adfffff
1183,8811890ac1fffff
1184,8811897625fffff
1185,8811890865fffff
1186,881189092dfffff
1187,8811890c53fffff
1188,88118946a3fffff
1189,8811890db5fffff
1190,8811890abbfffff
1191,88118918a5fffff
1192,8811890915fffff
1193,8811897099fffff
1194,8811897029fffff
1195,8811890333fffff
1196,88118909e7fffff
1197,8811890c69fffff
1198,881189054bfffff
1199,88118902ddfffff
1200,8811891a93fffff
1201,8811890519fffff
1202,8811890d8dfffff
1203,8811890c37fffff
1204,8811890da7fffff
1205,88118972d5fffff
1206,881189055dfffff
1207,8811891291fffff
1208,8811891817fffff
1209,8811891037fffff
1210,8811890f21fffff
1211,8811890359fffff
1212,8811890023fffff
1213,8811890361fffff
1214,8811893b45fffff
1215,88118900bbfffff
1216,8811890521fffff
1217,8811891525fffff
1218,8811897445fffff
1219,8811891857fffff
1220,8811894693fffff
1221,881189708bfffff
1222,88118910ebfffff
1223,881189461bfffff
1224,8811890d2bfffff
1225,88118976c1fffff
1226,8811890237fffff
1227,881189014bfffff
1228,8811890eb7fffff
1229,88118905a1fffff
1230,881189006bfffff
1231,8811890aa1fffff
1232,881189090dfffff
1233,88118910a9fffff
1234,8811891ad7fffff
1235,8811898da5fffff
1236,881189013bfffff
1237,8811897755fffff
1238,8811897631fffff
1239,881189051bfffff
1240,8811897263fffff
1241,8811890e51fffff
1242,8811890f51fffff
1243,88118970d5fffff
1244,881189465dfffff
1245,8811890345fffff
1246,881189770dfffff
1247,8811891aa3fffff
1248,8811890f19fffff
1249,8811891143fffff
1250,8811894683fffff
1251,8811890087fffff
1252,8811897203fffff
1253,8811890a93fffff
1254,88118910bdfffff
1255,881189053dfffff
1256,8811890d17fffff
1257,8811897213fffff
1258,88118972a3fffff
1259,8811890f53fffff
1260,8811891abdfffff
1261,8811890ecbfffff
1262,88118909b5fffff
1263,8811890095fffff
1264,8811890cc5fffff
1265,8811897085fffff
1266,8811891091fffff
1267,88118902cdfffff
1268,8811890a37fffff
1269,8811891839fffff
1270,8811897659fffff
1271,881189001bfffff
1272,8811893925fffff
1273,8811897343fffff
1274,8811890727fffff
1275,8811897709fffff
1276,88118972ddfffff
1277,881189015dfffff
1278,8811890117fffff
1279,8811890ed1fffff
1280,8811890f13fffff
1281,8811890a15fffff
1282,881189152dfffff
1283,8811891043fffff
1284,8811890181fffff
1285,881189112dfffff
1286,8811890987fffff
1287,8811890c45fffff
1288,8811897725fffff
1289,88118901edfffff
1290,8811891195fffff
1291,8811891ab7fffff
1292,8811897041fffff
1293,8811890f47fffff
1294,8811890141fffff
1295,8811890b37fffff
1296,88118972a7fffff
1297,8811890cb3fffff
1298,88118901e1fffff
1299,88118901c7fffff
1300,88118911a9fffff
1301,8811891157fffff
1302,881189766dfffff
1303,88118910e9fffff
1304,8811890923fffff
1305,88118946abfffff
1306,88118946bdfffff
1307,8811890e97fffff
1308,8811890c1dfffff
1309,8811890553fffff
1310,8811890dd5fffff
1311,8811891addfffff
1312,8811890c67fffff
1313,8811890505fffff
1314,88118972e1fffff
1315,8811890257fffff
1316,8811890f41fffff
1317,8811891a31fffff
1318,8811890d8bfffff
1319,881189081dfffff
1320,8811893b41fffff
1321,88118912b5fffff
1322,88118910b1fffff
1323,8811897057fffff
1324,8811891a0bfffff
1325,88118901a3fffff
1326,8811890d07fffff
1327,8811890e3dfffff
1328,881189708dfffff
1329,8811890f67fffff
1330,8811891a85fffff
1331,8811897619fffff
1332,8811890983fffff
1333,881189104bfffff
1334,88118908b3fffff
1335,8811890c31fffff
1336,8811890f07fffff
1337,88118971d3fffff
1338,8811890c35fffff
1339,8811890de1fffff
1340,88118911a5fffff
1341,8811891125fffff
1342,8811890c17fffff
1343,88118900e1fffff
1344,8811890acdfffff
1345,8811890863fffff
1346,8811890191fffff
1347,8811890051fffff
1348,8811897017fffff
1349,88118901d9fffff
1350,8811890287fffff
1351,8811890055fffff
1352,8811890d27fffff
1353,8811890e41fffff
1354,8811891047fffff
1355,88118908ddfffff
1356,8811890c03fffff
1357,881189762dfffff
1358,881189005dfffff
1359,8811890a89fffff
1360,88118908a3fffff
1361,8811890203fffff
1362,8811891533fffff
1363,8811897281fffff
1364,88118972cbfffff
1365,8811890551fffff
1366,8811890f0dfffff
1367,8811890893fffff
1368,88118918ebfffff
1369,88118908c9fffff
1370,8811890967fffff
1371,8811890ec7fffff
1372,8811890959fffff
1373,88118902d5fffff
1374,8811890723fffff
1375,8811890e07fffff
1376,88118910dbfffff
1377,88118970e7fffff
1378,8811890325fffff
1379,88118972a1fffff
1380,88118909d3fffff
1381,881189726bfffff
1382,8811890f45fffff
1383,8811890803fffff
1384,881189760bfffff
1385,8811890957fffff
1386,8811890365fffff
1387,88118901c1fffff
1388,88118910a7fffff
1389,88118970d3fffff
1390,881189080dfffff
1391,8811890009fffff
1392,8811890c15fffff
1393,8811891a51fffff
1394,88118902e9fffff
1395,8811890e95fffff
1396,8811890d1bfffff
1397,8811891853fffff
1398,8811891885fffff
1399,8811890dd1fffff
1400,8811891569fffff
1401,8811890a57fffff
1402,8811891193fffff
1403,8811890f31fffff
1404,8811890425fffff
1405,881189054dfffff
1406,8811890153fffff
1407,8811891085fffff
1408,8811891561fffff
1409,8811891099fffff
1410,8811890e61fffff
1411,88118972b1fffff
1412,8811890e57fffff
1413,8811890a39fffff
1414,88118901c9fffff
1415,88118912e5fffff
1416,88118970e9fffff
1417,8811890c55fffff
1418,881189763dfffff
1419,8811891ae1fffff
1420,8811890f17fffff
1421,8811897627fffff
1422,8811891813fffff
1423,8811890f3bfffff
1424,88118909e1fffff
1425,8811897717fffff
1426,8811897655fffff
1427,8811897549fffff
1428,88118972abfffff
1429,88118900a3fffff
1430,8811890109fffff
1431,88118912e9fffff
1432,881189156dfffff
1433,881189128bfffff
1434,8811891aedfffff
1435,8811890a81fffff
1436,881189722bfffff
1437,88118902a3fffff
1438,8811897297fffff
1439,8811897347fffff
1440,881189021dfffff
1441,8811891a59fffff
1442,8811891a99fffff
1443,88118909abfffff
1444,88118972e3fffff
1445,88118946b5fffff
1446,881189754dfffff
1447,8811890d69fffff
1448,8811890f4bfffff
1449,8811890c01fffff
1450,8811897257fffff
1451,8811890d13fffff
1452,8811890961fffff
1453,88118912a9fffff
1454,88118946b9fffff
1455,8811891a63fffff
1456,881189024dfffff
1457,8811891a95fffff
1458,881189465bfffff
1459,8811890905fffff
1460,881189012dfffff
1461,8811893b6dfffff
1462,88118970c9fffff
1463,8811890e8bfffff
1464,8811891131fffff
1465,88118911b1fffff
1466,8811890989fffff
1467,88118911cbfffff
1468,8811890a31fffff
1469,8811897229fffff
1470,8811890c51fffff
1471,8811891abbfffff
1472,8811897353fffff
1473,8811897465fffff
1474,8811890269fffff
1475,8811890dc3fffff
1476,88118912e7fffff
1477,8811890ee5fffff
1478,8811897633fffff
1479,8811890f25fffff
1480,881189085bfffff
1481,88118905b5fffff
1482,8811890ce1fffff
1483,88118900a9fffff
1484,88118908b5fffff
1485,881189469dfffff
1486,88118970a1fffff
1487,88118910d5fffff
1488,88118911e7fffff
1489,8811890159fffff
1490,8811897461fffff
1491,8811890083fffff
1492,881189052bfffff
1493,8811890131fffff
1494,8811890547fffff
1495,8811891811fffff
1496,88118910d3fffff
1497,8811890097fffff
1498,88118910b5fffff
1499,88118908c7fffff
1500,881189085dfffff
1501,8811891ae7fffff
1502,8811890801fffff
1503,88118909c7fffff
1504,8811890adbfffff
1505,8811891139fffff
1506,88118972c7fffff
1507,8811891233fffff
1508,88118911b5fffff
1509,8811890c0bfffff
1510,88118970c1fffff
1511,881189005bfffff
1512,881189050dfffff
1513,881189011dfffff
1514,88118976c9fffff
1515,8811891531fffff
1516,8811897767fffff
1517,8811890e67fffff
1518,8811891133fffff
1519,8811894697fffff
1520,88118976edfffff
1521,88118902d1fffff
1522,881189088dfffff
1523,88118909a7fffff
1524,8811890089fffff
1525,8811891819fffff
1526,8811891155fffff
1527,88118970e3fffff
1528,881189099bfffff
1529,8811890821fffff
1530,8811890e21fffff
1531,8811890f23fffff
1532,88118910a5fffff
1533,8811897215fffff
1534,8811890265fffff
1535,881189156bfffff
1536,8811890ed5fffff
1537,8811890b1bfffff
1538,8811891ab3fffff
1539,8811898da7fffff
1540,88118900a7fffff
1541,8811897621fffff
1542,881189094bfffff
1543,8811891285fffff
1544,8811890157fffff
1545,8811890f6dfffff
1546,8811890061fffff
1547,8811890dc9fffff
1548,8811891057fffff
1549,8811890e2dfffff
1550,8811890285fffff
1551,8811897647fffff
1552,88118912abfffff
1553,88118908a1fffff
1554,88118908d3fffff
1555,8811890f09fffff
1556,881189095bfffff
1557,8811891031fffff
1558,8811890705fffff
1559,8811890317fffff
1560,88118908ebfffff
1561,881189113bfffff
1562,8811890163fffff
1563,881189731dfffff
1564,8811890a53fffff
1565,881189080bfffff
1566,881189031dfffff
1567,88118918d5fffff
1568,88118908c1fffff
1569,88118902e3fffff
1570,88118900a5fffff
1571,8811891135fffff
1572,881189002bfffff
1573,8811891089fffff
1574,8811890d23fffff
1575,8811890149fffff
1576,8811891147fffff
1577,8811891a89fffff
1578,8811897733fffff
1579,88118901bdfffff
1580,881189035dfffff
1581,8811890ac9fffff
1582,8811890735fffff
1583,8811890a13fffff
1584,8811890d9dfffff
1585,8811890f55fffff
1586,881189018dfffff
1587,88118946e1fffff
1588,8811890c05fffff
1589,881189103bfffff
1590,8811890aebfffff
1591,8811890e31fffff
1592,88118972cdfffff
1593,8811890289fffff
1594,881189029dfffff
1595,8811890837fffff
1596,8811890355fffff
1597,8811891ab5fffff
1598,88118910c1fffff
1599,88118976e1fffff
1600,8811890283fffff
1601,8811897615fffff
1602,881189025dfffff
1603,8811897301fffff
1604,8811890503fffff
1605,8811890d85fffff
1606,8811890251fffff
1607,88118970d7fffff
1608,8811891039fffff
1609,88118970c7fffff
1610,8811890c6bfffff
1611,8811891a4bfffff
1612,88118946edfffff
1613,8811893b43fffff
1614,8811890c61fffff
1615,8811890027fffff
1616,881189772dfffff
1617,88118972b9fffff
1618,88118910adfffff
1619,8811890da5fffff
1620,8811890557fffff
1621,8811897669fffff
1622,88118909a1fffff
1623,8811897443fffff
1624,8811890367fffff
1625,881189020bfffff
1626,88118970b9fffff
1627,8811890aedfffff
1628,8811890d57fffff
1629,8811890183fffff
1630,88118918b3fffff
1631,8811897367fffff
1632,88118902a9fffff
1633,8811890541fffff
1634,88118900bdfffff
1635,8811890e03fffff
1636,88118972c9fffff
1637,8811897299fffff
1638,8811890e39fffff
1639,8811890829fffff
1640,88118911d9fffff
1641,8811890f15fffff
1642,8811897351fffff
1643,881189119dfffff
1644,88118946c7fffff
1645,8811894659fffff
1646,881189003bfffff
1647,88118901adfffff
1648,88118976e9fffff
1649,8811890951fffff
1650,8811890ae1fffff
1651,8811891815fffff
1652,8811890721fffff
1653,8811890f5bfffff
1654,8811890105fffff
1655,8811891765fffff
1656,8811890043fffff
1657,8811897053fffff
1658,8811890a1dfffff
1659,88118911dbfffff
1660,88118946ddfffff
1661,881189118bfffff
1662,8811897661fffff
1663,881189730dfffff
1664,881189189dfffff
1665,881189705dfffff
1666,88118946c9fffff
1667,8811890a3bfffff
1668,8811897205fffff
1669,8811890d1dfffff
1670,88118908e9fffff
1671,88118910e7fffff
1672,881189721dfffff
1673,8811890167fffff
1674,8811890d25fffff
1675,88118902cbfffff
1676,8811897403fffff
1677,88118909adfffff
1678,8811891a33fffff
1679,881189035bfffff
1680,8811890211fffff
1681,88118901b3fffff
1682,88118910edfffff
1683,8811897707fffff
1684,88118901c5fffff
1685,8811891189fffff
1686,881189771bfffff
1687,8811897227fffff
1688,8811890169fffff
1689,8811891ab9fffff
1690,8811897663fffff
1691,8811890a99fffff
1692,8811890d55fffff
1693,8811891293fffff
1694,88118905e1fffff
1695,8811890247fffff
1696,8811890099fffff
1697,88118902b9fffff
1698,8811890a17fffff
1699,8811890b3bfffff
1700,8811897703fffff
1701,8811890069fffff
1702,88118918edfffff
1703,881189111bfffff
1704,881189056bfffff
1705,8811890003fffff
1706,8811890707fffff
1707,8811890033fffff
1708,881189053bfffff
1709,8811891a09fffff
1710,8811897287fffff
1711,8811890ecdfffff
1712,8811897221fffff
1713,8811894619fffff
1714,8811897043fffff
1715,8811890555fffff
1716,8811890925fffff
1717,8811890f2dfffff
1718,88118901cdfffff
1719,881189100bfffff
1720,88118910c7fffff
1721,8811890ee9fffff
1722,8811890229fffff
1723,88118918b9fffff
1724,8811890d4bfffff
1725,88118971d1fffff
1726,88118900d5fffff
1727,88118972d3fffff
1728,8811890053fffff
1729,88118918c7fffff
1730,881189113dfffff
1731,8811890c07fffff
1732,88118911b7fffff
1733,8811890e5bfffff
1734,8811890339fffff
1735,8811890ee7fffff
1736,8811890d91fffff
1737,8811897243fffff
1738,881189101dfffff
1739,8811890cddfffff
1740,8811891117fffff
1741,8811894687fffff
1742,8811890ae3fffff
1743,88118946cbfffff
1744,881189704dfffff
1745,88118910cbfffff
1746,8811891acbfffff
1747,88118901a9fffff
1748,88118909ddfffff
1749,8811890ad5fffff
1750,8811890861fffff
1751,8811890537fffff
1752,8811891807fffff
1753,8811890b15fffff
1754,8811890545fffff
1755,8811891093fffff
1756,8811894699fffff
1757,8811890511fffff
1758,88118918e7fffff
1759,8811890db7fffff
1760,88118902bbfffff
1761,8811890963fffff
1762,88118970a5fffff
1763,88118901e3fffff
1764,88118911adfffff
1765,88118918e5fffff
1766,8811897319fffff
1767,8811890c49fffff
1768,8811890501fffff
1769,88118912e3fffff
1770,8811890357fffff
1771,881189468bfffff
1772,8811890c27fffff
1773,8811890769fffff
1774,881189072bfffff
1775,881189701dfffff
1776,88118902b1fffff
1777,88118911e1fffff
1778,8811897283fffff
1779,8811894617fffff
1780,8811890ea1fffff
1781,8811890733fffff
1782,8811890c3bfffff
1783,8811890f1dfffff
1784,8811891a03fffff
1785,881189056dfffff
1786,881189176dfffff
1787,881189729dfffff
1788,8811890de7fffff
1789,8811890f37fffff
1790,8811890eebfffff
1791,88118908e3fffff
1792,8811897239fffff
1793,8811894657fffff
1794,88118918d7fffff
1795,88118901abfffff
1796,88118910d7fffff
1797,8811890d47fffff
1798,881189013dfffff
1799,8811894685fffff
1800,881189108bfffff
1801,8811890c39fffff
1802,8811890d3dfffff
1803,8811890081fffff
1804,88118901bbfffff
1805,8811897365fffff
1806,881189083bfffff
1807,8811897091fffff
1808,8811890a5bfffff
1809,88118908e5fffff
1810,8811891107fffff
1811,88118972bdfffff
1812,8811891287fffff
1813,881189026dfffff
1814,88118910e3fffff
1815,8811890223fffff
1816,881189072dfffff
1817,8811890cebfffff
1818,8811890c4bfffff
1819,88118972c3fffff
1820,8811891a5bfffff
1821,8811890d95fffff
1822,88118900d9fffff
1823,8811890eb9fffff
1824,88118910a3fffff
1825,8811897207fffff
1826,8811897069fffff
1827,88118900ddfffff
1828,88118900b5fffff
