,geohash
0,8810344311fffff
1,881036a0cdfffff
2,8810368223fffff
3,8810368cb7fffff
4,8810369487fffff
5,8811a92da9fffff
6,881036ba45fffff
7,8810344d67fffff
8,8810344c25fffff
9,8810345245fffff
10,8810368e29fffff
11,88103686bdfffff
12,88103686cbfffff
13,8810369737fffff
14,881036a227fffff
15,881036baa5fffff
16,8810368691fffff
17,8811a92d8bfffff
18,88103691cdfffff
19,8810361645fffff
20,881036b9e7fffff
21,8810368603fffff
22,88103451cdfffff
23,8810345911fffff
24,881036b9dbfffff
25,88103451d5fffff
26,8810368089fffff
27,881036a211fffff
28,8810368f4dfffff
29,881036869dfffff
30,88103685d5fffff
31,8810369717fffff
32,8810369695fffff
33,881036989dfffff
34,88103616e7fffff
35,88103451a7fffff
36,88103449c9fffff
37,8810344239fffff
38,8811a92c69fffff
39,8810344037fffff
40,881034c911fffff
41,881034418dfffff
42,881034c8a5fffff
43,8811a92d99fffff
44,881036b15bfffff
45,8810345935fffff
46,8810369667fffff
47,881036809bfffff
48,88103692edfffff
49,8811a92cc7fffff
50,8810345159fffff
51,8810368f29fffff
52,8810368ce9fffff
53,8810344a3dfffff
54,88103690d1fffff
55,881036b2a7fffff
56,8810344267fffff
57,881036b545fffff
58,88103682b1fffff
59,8810369189fffff
60,881036b1a9fffff
61,8810345a8dfffff
62,8810369447fffff
63,8810368581fffff
64,881036175dfffff
65,881036943dfffff
66,881036ba19fffff
67,8811a925c5fffff
68,8810369657fffff
69,8810345a17fffff
70,881036aa2bfffff
71,8810344303fffff
72,88103684c3fffff
73,88103694d5fffff
74,8811a92497fffff
75,8810368649fffff
76,8810344c19fffff
77,8811a924b1fffff
78,88103450e3fffff
79,881036b04dfffff
80,881034c9b3fffff
81,8810368ed9fffff
82,8810368ebdfffff
83,8810369817fffff
84,8810368dc7fffff
85,8810344333fffff
86,8810344057fffff
87,881036b21bfffff
88,8810344d47fffff
89,8811a92e2bfffff
90,8810344255fffff
91,8810344339fffff
92,8810368c47fffff
93,88103680d3fffff
94,881036b0c3fffff
95,8810344905fffff
96,881036b0d1fffff
97,8810344199fffff
98,8810344a51fffff
99,881036b941fffff
100,8810368db7fffff
101,8810368209fffff
102,881036801bfffff
103,8810368c97fffff
104,881034431bfffff
105,881036b25bfffff
106,8810345203fffff
107,881036b1e7fffff
108,881036b529fffff
109,8810344a23fffff
110,8811a92f57fffff
111,88103458d3fffff
112,8810368e5dfffff
113,88103680a7fffff
114,881036ba9bfffff
115,88103695a3fffff
116,8810368615fffff
117,881036918bfffff
118,8810344c05fffff
119,8811a92d51fffff
120,881036161dfffff
121,8810369715fffff
122,8811a92517fffff
123,881036b057fffff
124,881036a269fffff
125,8810344f33fffff
126,88103458a5fffff
127,8810344e2dfffff
128,8810369059fffff
129,8810344941fffff
130,88103698c9fffff
131,88103684e3fffff
132,8810344d1dfffff
133,8810368341fffff
134,881036bad9fffff
135,881036b227fffff
136,881036b89dfffff
137,8810344a45fffff
138,881036175bfffff
139,8810368011fffff
140,8810368dc9fffff
141,881036bb0dfffff
142,8810361635fffff
143,881036a01dfffff
144,8810369485fffff
145,8811a92d01fffff
146,8810369661fffff
147,8810345313fffff
148,881034493dfffff
149,8810345997fffff
150,881036a14bfffff
151,881036a229fffff
152,8810361625fffff
153,881036aa49fffff
154,881034c981fffff
155,8810344907fffff
156,8811a926cdfffff
157,881036a367fffff
158,8810369283fffff
159,8811a92d37fffff
160,881036a311fffff
161,8810368041fffff
162,8811a92ce3fffff
163,8810369407fffff
164,8810344937fffff
165,8810344269fffff
166,881036b0b3fffff
167,881034c823fffff
168,8810345947fffff
169,88103694e9fffff
170,8810368cc5fffff
171,881036b2bbfffff
172,881036ba2bfffff
173,8810368645fffff
174,8810345807fffff
175,8810369703fffff
176,881036b03dfffff
177,8810368c49fffff
178,881036b0c9fffff
179,8810368c33fffff
180,88103451c1fffff
181,8810344dadfffff
182,88103696cdfffff
183,881036911bfffff
184,8811a92f1dfffff
185,8810344565fffff
186,8810369ab3fffff
187,881034402bfffff
188,8810344265fffff
189,88103680adfffff
190,88103616d9fffff
191,8811a92455fffff
192,8811a92dd1fffff
193,88103684ddfffff
194,8810368739fffff
195,8810369027fffff
196,8810344095fffff
197,881036a22bfffff
198,88103616a3fffff
199,8811a92e89fffff
200,8810368f23fffff
201,8810344163fffff
202,881036a003fffff
203,8810369aa7fffff
204,8810345141fffff
205,881034c9abfffff
206,8811a925adfffff
207,88103440ddfffff
208,8810345aa5fffff
209,88103448bbfffff
210,88103449ebfffff
211,8811a92dbbfffff
212,88103695c9fffff
213,8810344dc3fffff
214,8810344855fffff
215,8811a92de9fffff
216,8810344b51fffff
217,881036b0cdfffff
218,8810368031fffff
219,8810368187fffff
220,8810361691fffff
221,8810368409fffff
222,88103681d5fffff
223,8810344d2bfffff
224,881036baa1fffff
225,881034518bfffff
226,88103694c7fffff
227,8811a92583fffff
228,881036815bfffff
229,88103690ddfffff
230,881036ba21fffff
231,8810369541fffff
232,8810344e5dfffff
233,881036b11bfffff
234,881036863bfffff
235,8811a92e97fffff
236,88103458cdfffff
237,8810368687fffff
238,881036b1adfffff
239,88103458a3fffff
240,881034c9d5fffff
241,88103696a7fffff
242,881036b211fffff
243,8810368629fffff
244,881036b9bdfffff
245,8810344d8dfffff
246,8810345243fffff
247,8810368adbfffff
248,8810345191fffff
249,8810344151fffff
250,8810368231fffff
251,8810369453fffff
252,8811a92e37fffff
253,8811a92e8dfffff
254,881036b727fffff
255,8810368f13fffff
256,881036b365fffff
257,881036b2dbfffff
258,8810345a05fffff
259,88103695d1fffff
260,881036b121fffff
261,88103459ebfffff
262,88103686c9fffff
263,8810344319fffff
264,8810369709fffff
265,88103459cbfffff
266,8810344803fffff
267,8810345231fffff
268,8811a925c9fffff
269,88103448a3fffff
270,88103448e7fffff
271,881036821dfffff
272,8810368cc9fffff
273,8810368767fffff
274,8810368c5dfffff
275,8811a92e87fffff
276,8810369643fffff
277,8811a924edfffff
278,8811a92e83fffff
279,8811a92c85fffff
280,881034532bfffff
281,8810345235fffff
282,881036956dfffff
283,8810368555fffff
284,881036b9d9fffff
285,8810344b23fffff
286,8811a924b7fffff
287,88103694c3fffff
288,881034c81dfffff
289,88103680c3fffff
290,881036b72dfffff
291,88103680c1fffff
292,8810368c2bfffff
293,881034c9bbfffff
294,88103684e9fffff
295,8810368e61fffff
296,88103451abfffff
297,8810344e4dfffff
298,8811a92c29fffff
299,88103459a1fffff
300,88103696cbfffff
301,881036b8b1fffff
302,8810345835fffff
303,881034424bfffff
304,881036bb45fffff
305,881036b969fffff
306,8810344823fffff
307,8810368681fffff
308,881034483bfffff
309,881036162dfffff
310,881036a36dfffff
311,88103458b7fffff
312,881034590bfffff
313,881036988bfffff
314,881036ba8dfffff
315,88103448b3fffff
316,8810368233fffff
317,881036b9c7fffff
318,8810345a23fffff
319,8810368411fffff
320,8810344895fffff
321,8810344e39fffff
322,88103616abfffff
323,88103440a1fffff
324,8811a92ccbfffff
325,8810369619fffff
326,8810369099fffff
327,88103695d7fffff
328,8810369ad9fffff
329,88103694ebfffff
330,8811a925a7fffff
331,88103695c3fffff
332,88103692c1fffff
333,8810368d49fffff
334,881034598dfffff
335,8810344831fffff
336,881036b929fffff
337,8810345891fffff
338,8810368f3bfffff
339,881036b1abfffff
340,881036a2c5fffff
341,881036bb39fffff
342,8811a9269bfffff
343,8810345013fffff
344,8811a92eddfffff
345,881036a26bfffff
346,8811a92d85fffff
347,881036b93dfffff
348,881036a065fffff
349,881036b34dfffff
350,8811a92d15fffff
351,8810368c0dfffff
352,8810368d1dfffff
353,8810368685fffff
354,881036a25dfffff
355,8810368da3fffff
356,8811a926adfffff
357,88103452adfffff
358,881036901dfffff
359,8810368c53fffff
360,8810368ed1fffff
361,8811a92c5dfffff
362,8811a92d81fffff
363,881034506dfffff
364,8810369addfffff
365,8810344addfffff
366,8810369a83fffff
367,8811a92689fffff
368,8810344b45fffff
369,8811a92c45fffff
370,8810344827fffff
371,881036840dfffff
372,881036b205fffff
373,88103450edfffff
374,8810344ad5fffff
375,881034489bfffff
376,881036ba61fffff
377,881036b141fffff
378,88103685ebfffff
379,881036a241fffff
380,8810344d57fffff
381,881036b117fffff
382,881036a169fffff
383,8810368e43fffff
384,8810345aa7fffff
385,881034524bfffff
386,8811a925c1fffff
387,8810369013fffff
388,8810345b29fffff
389,8811a92439fffff
390,881036832dfffff
391,88103680c5fffff
392,8810345a13fffff
393,881036bb3bfffff
394,8810345b39fffff
395,8810345a07fffff
396,88103684a3fffff
397,8810344a01fffff
398,88103690a1fffff
399,8810344f5dfffff
400,8810369ad7fffff
401,881036a305fffff
402,8810369547fffff
403,8811a92d1bfffff
404,8810368639fffff
405,8810345943fffff
406,881036baadfffff
407,881036876bfffff
408,88103616c7fffff
409,881036a209fffff
410,8811a92589fffff
411,881036b231fffff
412,8810345163fffff
413,881034c9c9fffff
414,881034c9cbfffff
415,881036b34bfffff
416,8810344b0bfffff
417,8810344dc5fffff
418,88103680ddfffff
419,881034c993fffff
420,881036b1c9fffff
421,8811a92421fffff
422,881036b321fffff
423,8810344e63fffff
424,8810369185fffff
425,8810344ae9fffff
426,881034421bfffff
427,88103442a9fffff
428,881036913bfffff
429,8810344b21fffff
430,88103696d3fffff
431,88103680d1fffff
432,881036856dfffff
433,881034481bfffff
434,881036a287fffff
435,8810369405fffff
436,8810368567fffff
437,881034433dfffff
438,8810368219fffff
439,8810345329fffff
440,8810345993fffff
441,88103616d3fffff
442,881036bb21fffff
443,8810344f55fffff
444,8810344de7fffff
445,88103694a7fffff
446,8811a924adfffff
447,88103440e3fffff
448,8810368d9dfffff
449,881036b9a3fffff
450,881034595bfffff
451,8810369033fffff
452,8810368ee3fffff
453,8810369213fffff
454,8810344e4bfffff
455,8810368ee5fffff
456,8811a92e8bfffff
457,881036958bfffff
458,881036a013fffff
459,8810344183fffff
460,8811a92487fffff
461,881036baddfffff
462,881036b1b5fffff
463,881036b0dbfffff
464,8810368f43fffff
465,88103696c1fffff
466,881036b947fffff
467,88103682a5fffff
468,8810368c99fffff
469,8810369727fffff
470,8810345b23fffff
471,881036a14dfffff
472,8811a924e7fffff
473,8810344917fffff
474,881036bac1fffff
475,8810368217fffff
476,8810344139fffff
477,88103440a9fffff
478,881036aa47fffff
479,8810368405fffff
480,88103442ebfffff
481,8810368e39fffff
482,881036b54dfffff
483,88103692d3fffff
484,8810368543fffff
485,881036b823fffff
486,881036ab49fffff
487,8810369abdfffff
488,88103680b3fffff
489,8810344e41fffff
490,88103694bbfffff
491,8810344307fffff
492,881034514bfffff
493,8810344103fffff
494,8811a92da1fffff
495,8810368c31fffff
496,8810361617fffff
497,881034413dfffff
498,88103458ddfffff
499,8810368361fffff
500,881036b163fffff
501,881036865dfffff
502,88103696bbfffff
503,881036976bfffff
504,881036b827fffff
505,8810368283fffff
506,88103448c3fffff
507,88103692d7fffff
508,8810368451fffff
509,8811a92481fffff
510,8810345adbfffff
511,88103682e7fffff
512,8810344c3dfffff
513,881034519dfffff
514,881036b06dfffff
515,8810344113fffff
516,8810344c49fffff
517,8810368c89fffff
518,881036919bfffff
519,881036862bfffff
520,88103441bbfffff
521,881036b8e9fffff
522,8810345123fffff
523,881036b1c5fffff
524,881036b2a9fffff
525,881036b1b3fffff
526,8811a92c83fffff
527,881036a2a9fffff
528,8810344d81fffff
529,8810344d53fffff
530,88103696ddfffff
531,88103696b9fffff
532,88103448d5fffff
533,8810344f0bfffff
534,88103684adfffff
535,8810345225fffff
536,8810368097fffff
537,8810344031fffff
538,88103442a3fffff
539,881036b1ddfffff
540,8810368251fffff
541,8810345a83fffff
542,88103691e5fffff
543,8810368319fffff
544,881036851dfffff
545,8810345b6dfffff
546,8810368287fffff
547,8811a92e9dfffff
548,8810369513fffff
549,881034c93bfffff
550,88103441e1fffff
551,8810345b2bfffff
552,88103696dbfffff
553,8810345145fffff
554,8810361633fffff
555,8810345b0bfffff
556,881034432dfffff
557,8811a9251bfffff
558,8810368f69fffff
559,8810345855fffff
560,8810344331fffff
561,88103440e5fffff
562,881036852bfffff
563,8810368259fffff
564,881034c933fffff
565,8810368e03fffff
566,8811a92e35fffff
567,881034494bfffff
568,88103698c7fffff
569,881036b115fffff
570,881036b921fffff
571,8810368c6dfffff
572,8810368665fffff
573,881036a231fffff
574,8810368183fffff
575,881036b8a3fffff
576,88103691bdfffff
577,881036b833fffff
578,8810368465fffff
579,8810368117fffff
580,8810345001fffff
581,881034498bfffff
582,881036b055fffff
583,8810368ec5fffff
584,881036168bfffff
585,88103686a3fffff
586,8810369293fffff
587,8810369055fffff
588,88103682dbfffff
589,8810361443fffff
590,88103696a3fffff
591,8810368d15fffff
592,8811a92e07fffff
593,881036b891fffff
594,8810345ad3fffff
595,8810369639fffff
596,8810368e4dfffff
597,8811a92d07fffff
598,881036b9cbfffff
599,881034406dfffff
600,8811a92685fffff
601,8810368253fffff
602,8810368369fffff
603,8810344e49fffff
604,88103448ebfffff
605,8811a92413fffff
606,881036b355fffff
607,88103458e3fffff
608,8810368021fffff
609,8810344a2bfffff
610,8810344b5bfffff
611,8810369a97fffff
612,8810345057fffff
613,8810344165fffff
614,881036b1d3fffff
615,88103441ebfffff
616,8810368313fffff
617,881036973bfffff
618,881036b987fffff
619,881036b13bfffff
620,88103685c9fffff
621,88103681c5fffff
622,8811a92c27fffff
623,88103692cdfffff
624,8810345109fffff
625,881034498dfffff
626,8810369889fffff
627,8810369511fffff
628,8810344527fffff
629,8810369a8bfffff
630,8810345315fffff
631,88103441d5fffff
632,88103450e5fffff
633,8810369113fffff
634,881036ba51fffff
635,881034582dfffff
636,8810344325fffff
637,881036b221fffff
638,8810345017fffff
639,88103691c1fffff
640,8810345b41fffff
641,88103690d3fffff
642,88103682e3fffff
643,881036b283fffff
644,881036b11dfffff
645,8810344d21fffff
646,8811a92c93fffff
647,8811a92f3bfffff
648,8810344d15fffff
649,8810368587fffff
650,881036808bfffff
651,88103694b1fffff
652,8810368407fffff
653,8810368cdbfffff
654,8810369563fffff
655,88103450e1fffff
656,881036b0d9fffff
657,8811a926b9fffff
658,8811a92d89fffff
659,8810344025fffff
660,881036160bfffff
661,881036bb4bfffff
662,881036b139fffff
663,8811a92691fffff
664,881036b943fffff
665,881036825dfffff
666,8810345a35fffff
667,8810344aadfffff
668,8811a92d13fffff
669,881036b099fffff
670,88103451d7fffff
671,8810368225fffff
672,8810344c39fffff
673,8810368f59fffff
674,8811a92437fffff
675,881036970dfffff
676,881036ba55fffff
677,8811a92599fffff
678,8810344d17fffff
679,8811a924b9fffff
680,8810344137fffff
681,88103450e7fffff
682,881036baedfffff
683,8810368211fffff
684,881036a055fffff
685,8810344901fffff
686,88103449bdfffff
687,8810369691fffff
688,8810368457fffff
689,881036b821fffff
690,8810368f55fffff
691,8810368267fffff
692,881036b9e3fffff
693,8811a926b3fffff
694,88103450cdfffff
695,881036bb09fffff
696,88103682abfffff
697,881036b20bfffff
698,8810368201fffff
699,8810361299fffff
700,8810368d85fffff
701,88103685d1fffff
702,881036160dfffff
703,8810344d45fffff
704,88103696b3fffff
705,8810369ab7fffff
706,8810344833fffff
707,881036a051fffff
708,88103682a7fffff
709,881036b325fffff
710,8810361657fffff
711,8811a92c39fffff
712,8810344243fffff
713,881036b24dfffff
714,88103458abfffff
715,8810345a8bfffff
716,8810361607fffff
717,8810368227fffff
718,8810368f21fffff
719,8811a92eb9fffff
720,8810369a85fffff
721,881036b983fffff
722,8810368707fffff
723,8811a92595fffff
724,8810369133fffff
725,8810368545fffff
726,88103451b3fffff
727,8810344949fffff
728,8810368e69fffff
729,8811a92489fffff
730,881036873dfffff
731,8810344ad9fffff
732,881036871bfffff
733,88103681e9fffff
734,881036900bfffff
735,8810344a55fffff
736,881036b2cdfffff
737,881034425dfffff
738,8810368ccdfffff
739,88103684a7fffff
740,8810368619fffff
741,8811a92c41fffff
742,881036a261fffff
743,881036b28bfffff
744,881036973dfffff
745,881036b737fffff
746,88103450c5fffff
747,881034493bfffff
748,88103448abfffff
749,8810368ea5fffff
750,8810345a4dfffff
751,881036900dfffff
752,881036ba01fffff
753,881036b2e9fffff
754,8811a9248dfffff
755,8810344117fffff
756,8810368053fffff
757,881036b367fffff
758,8810345055fffff
759,8810344029fffff
760,8810368761fffff
761,8810361745fffff
762,8811a92e1bfffff
763,8810344adbfffff
764,8810368eb5fffff
765,881034c9c1fffff
766,8810368599fffff
767,8810344813fffff
768,8810368c17fffff
769,881036b829fffff
770,881036804bfffff
771,8811a924d9fffff
772,8810345987fffff
773,8811a92503fffff
774,8810344a67fffff
775,881034512bfffff
776,881036868dfffff
777,881036b125fffff
778,88103694abfffff
779,881036b30dfffff
780,881036b9b9fffff
781,8810344d2dfffff
782,88103694a1fffff
783,88103690adfffff
784,8810344aedfffff
785,881036a26dfffff
786,8810361627fffff
787,88103690a9fffff
788,8810368f39fffff
789,881036831bfffff
790,881036b9d5fffff
791,8810344195fffff
792,881034c987fffff
793,881036b285fffff
794,8810344e0bfffff
795,88103451d3fffff
796,88103458e9fffff
797,8811a924bdfffff
798,8810344eadfffff
799,881036162bfffff
800,881036954dfffff
801,881036806dfffff
802,881036b9ddfffff
803,8811a92513fffff
804,88103451bbfffff
805,8810345ab1fffff
806,8810368417fffff
807,881034590dfffff
808,881036a24dfffff
809,881036912bfffff
810,88103449b5fffff
811,881034535bfffff
812,881036b245fffff
813,8810345b1dfffff
814,8810368037fffff
815,881036b01dfffff
816,88103616cdfffff
817,8811a92ee1fffff
818,881036a309fffff
819,881036b961fffff
820,881036aa0dfffff
821,88103686e3fffff
822,8810345885fffff
823,8810344009fffff
824,8810369761fffff
825,8810368e27fffff
826,8810368c37fffff
827,8810345a0dfffff
828,8810345127fffff
829,881036b959fffff
830,88103616c9fffff
831,8810344159fffff
832,88103451a5fffff
833,8810345b1bfffff
834,8810368769fffff
835,8810344e09fffff
836,881036808dfffff
837,8810368f45fffff
838,8811a92593fffff
839,8810368015fffff
840,8811a92c17fffff
841,8810369519fffff
842,8811a92c25fffff
843,88103696c7fffff
844,8810368e91fffff
845,8810368713fffff
846,8810345a65fffff
847,881036b735fffff
848,881036a23dfffff
849,88103691b9fffff
850,88103696b5fffff
851,8810369089fffff
852,881036b9a1fffff
853,881036b003fffff
854,8810368c1dfffff
855,88103458a7fffff
856,8810369581fffff
857,8811a92463fffff
858,8811a92697fffff
859,881034433bfffff
860,8810368005fffff
861,8810369585fffff
862,8810368695fffff
863,881036835bfffff
864,88103451e9fffff
865,8810344107fffff
866,8810368d95fffff
867,8810369047fffff
868,881036b1a3fffff
869,881034492bfffff
870,8811a926d7fffff
871,8810344f07fffff
872,881036873bfffff
873,881036b35dfffff
874,8810368703fffff
875,88103458c1fffff
876,881036a31bfffff
877,8811a9243dfffff
878,8810344c69fffff
879,8810345901fffff
880,88103685d9fffff
881,8810368d01fffff
882,881036b2abfffff
883,8811a92c47fffff
884,8810344b5dfffff
885,881036b02dfffff
886,881036ba6bfffff
887,881034434dfffff
888,8811a924e1fffff
889,881036b56bfffff
890,88103695b7fffff
891,8811a92cd5fffff
892,8810369429fffff
893,881036b8b5fffff
894,8810344d11fffff
895,8810345821fffff
896,881034c837fffff
897,881036a233fffff
898,88103451d1fffff
899,88103695ebfffff
900,88103686e9fffff
901,8811a926a1fffff
902,881034489dfffff
903,8811a92ea3fffff
904,881036b36dfffff
905,881036bacdfffff
906,88103682ebfffff
907,881036b297fffff
908,8810369553fffff
909,8810368e8dfffff
910,8811a92db1fffff
911,8810368725fffff
912,8810345abdfffff
913,8811a924b5fffff
914,8810344021fffff
915,8811a92d9bfffff
916,8811a92d55fffff
917,881036b063fffff
918,8810369131fffff
919,8810345a9dfffff
920,881036a35dfffff
921,8810344a89fffff
922,8810369087fffff
923,88103694c5fffff
924,881036b24bfffff
925,881036919dfffff
926,881036b269fffff
927,8810368289fffff
928,8810361663fffff
929,8810345119fffff
930,88103680abfffff
931,8810344da5fffff
932,8810368edbfffff
933,88103448c1fffff
934,88103451e1fffff
935,881036bb17fffff
936,8810344a5bfffff
937,8810344b61fffff
938,881034536bfffff
939,881036a297fffff
940,8810344187fffff
941,881036ba57fffff
942,881036918dfffff
943,8811a92683fffff
944,8810344f1bfffff
945,8810368197fffff
946,8810368683fffff
947,8810369a81fffff
948,8810369451fffff
949,881036b831fffff
950,881034c817fffff
951,8810344a4bfffff
952,8811a92519fffff
953,8810344c6bfffff
954,8810344d5dfffff
955,881036974bfffff
956,8810368635fffff
957,8810344c01fffff
958,8810368421fffff
959,881036ba63fffff
960,8810344d27fffff
961,881036b9d7fffff
962,8810344e33fffff
963,88103459c5fffff
964,8810368e35fffff
965,8811a92c1dfffff
966,8810368659fffff
967,881036b569fffff
968,8811a92521fffff
969,88103680bbfffff
970,881036b1e1fffff
971,88103441b9fffff
972,8811a926c5fffff
973,88103441c7fffff
974,8811a924a1fffff
975,8811a925ebfffff
976,881036a345fffff
977,8810369a91fffff
978,881036ba0bfffff
979,8810344843fffff
980,8811a92c05fffff
981,8811a92407fffff
982,881034452dfffff
983,88103698d5fffff
984,8810369531fffff
985,88103690a7fffff
986,881034c9e5fffff
987,881036b98bfffff
988,88103616adfffff
989,8810344ae5fffff
990,8810344a93fffff
991,8810345133fffff
992,8810344da1fffff
993,8810368237fffff
994,8810369005fffff
995,8810368357fffff
996,8810369457fffff
997,88103696e9fffff
998,881036b303fffff
999,881036b9d1fffff
1000,8811a92e99fffff
1001,881036b1e5fffff
1002,8810344e6dfffff
1003,881036b333fffff
1004,8810368343fffff
1005,881034582bfffff
1006,8810345b45fffff
1007,8810368533fffff
1008,881036b84dfffff
1009,8810344259fffff
1010,8810361661fffff
1011,881036b955fffff
1012,881036949bfffff
1013,881036b889fffff
1014,8810344a8dfffff
1015,8811a92f13fffff
1016,8810345007fffff
1017,881036b33dfffff
1018,8810344a09fffff
1019,8810368d9bfffff
1020,8810345a2bfffff
1021,8810369093fffff
1022,8811a92c15fffff
1023,881036b12bfffff
1024,8810344829fffff
1025,8810368449fffff
1026,8810344995fffff
1027,8810345039fffff
1028,88103685e7fffff
1029,8810344c4bfffff
1030,881036b027fffff
1031,8811a92c65fffff
1032,8810344d13fffff
1033,8810369735fffff
1034,8811a92ec9fffff
1035,881036911dfffff
1036,881036961bfffff
1037,8810368c63fffff
1038,8810345ad5fffff
1039,8810368597fffff
1040,881036bb4dfffff
1041,8811a926c7fffff
1042,8811a924d5fffff
1043,8810369743fffff
1044,88103691d7fffff
1045,881034511dfffff
1046,8810344811fffff
1047,881036945bfffff
1048,881036a34bfffff
1049,8810368741fffff
1050,88103682cdfffff
1051,881036b083fffff
1052,8810345823fffff
1053,88103694edfffff
1054,8810345951fffff
1055,8811a92e19fffff
1056,8811a92507fffff
1057,8811a925ddfffff
1058,881034592bfffff
1059,8810368e3bfffff
1060,88103694e5fffff
1061,8810368497fffff
1062,8810344f3bfffff
1063,88103448a9fffff
1064,8810344f47fffff
1065,8810368353fffff
1066,8810345221fffff
1067,8810344b43fffff
1068,8810344a25fffff
1069,8810368d55fffff
1070,8810369723fffff
1071,8810368f67fffff
1072,881036a0c9fffff
1073,8810369539fffff
1074,881036b023fffff
1075,88103690bbfffff
1076,881036959bfffff
1077,881036b85dfffff
1078,881036b323fffff
1079,8810368495fffff
1080,8810345811fffff
1081,8810368c69fffff
1082,881034c819fffff
1083,881036b167fffff
1084,8810368027fffff
1085,8811a92c55fffff
1086,881036a057fffff
1087,8810344915fffff
1088,8811a925e5fffff
1089,88103694dbfffff
1090,881034405dfffff
1091,881036a2ebfffff
1092,881034c9b9fffff
1093,8811a92c01fffff
1094,88103685bbfffff
1095,881036a341fffff
1096,881036b0c5fffff
1097,8810344809fffff
1098,881036a2a5fffff
1099,8811a926d3fffff
1100,8810345b17fffff
1101,8811a92e29fffff
1102,8810368cd1fffff
1103,8810368e15fffff
1104,8810345889fffff
1105,881036b2c1fffff
1106,88103690e9fffff
1107,881036b06bfffff
1108,881036b951fffff
1109,8810345185fffff
1110,881036854dfffff
1111,8810345305fffff
1112,881036b013fffff
1113,881036ba09fffff
1114,8810345931fffff
1115,8810345351fffff
1116,881036800dfffff
1117,881036866dfffff
1118,881036a369fffff
1119,8810369181fffff
1120,881034593bfffff
1121,881036b82dfffff
1122,88103685b5fffff
1123,8810344335fffff
1124,8810368561fffff
1125,8811a9240dfffff
1126,8810345111fffff
1127,8810344f15fffff
1128,881036848bfffff
1129,881036ba89fffff
1130,881036b91dfffff
1131,881034435bfffff
1132,88103448d9fffff
1133,8810344347fffff
1134,8810344111fffff
1135,881036baa3fffff
1136,881034484dfffff
1137,881036b967fffff
1138,8810368501fffff
1139,881036b741fffff
1140,88103684dbfffff
1141,8810361653fffff
1142,881036b343fffff
1143,8810369653fffff
1144,8811a92c13fffff
1145,881036b189fffff
1146,8811a92535fffff
1147,881034515dfffff
1148,8810369605fffff
1149,881036b311fffff
1150,881036a347fffff
1151,8810345b53fffff
1152,8810345939fffff
1153,881034496dfffff
1154,8811a92f07fffff
1155,881036b8ebfffff
1156,881036b199fffff
1157,8810344521fffff
1158,88103458e1fffff
1159,881036b331fffff
1160,8810368085fffff
1161,8810345323fffff
1162,88103691cbfffff
1163,881036b087fffff
1164,881036b899fffff
1165,8810369623fffff
1166,8810369731fffff
1167,8810344a0dfffff
1168,8810344d0bfffff
1169,881036b2b3fffff
1170,881036bb27fffff
1171,881036862dfffff
1172,8810344051fffff
1173,8810344169fffff
1174,8810369415fffff
1175,8810344143fffff
1176,8811a92d19fffff
1177,8810368309fffff
1178,8811a92511fffff
1179,881034508bfffff
1180,8810344de3fffff
1181,8810369281fffff
1182,8810345051fffff
1183,881036bb3dfffff
1184,88103696e1fffff
1185,8810361719fffff
1186,8810344ad3fffff
1187,8810369495fffff
1188,881036869bfffff
1189,88103692a5fffff
1190,881036bb65fffff
1191,88103691d5fffff
1192,881036a067fffff
1193,881036946bfffff
1194,8810344b67fffff
1195,881036966dfffff
1196,8811a924d7fffff
1197,88103698edfffff
1198,88103681dbfffff
1199,88103685e3fffff
1200,881036b0b9fffff
1201,881036b541fffff
1202,881036a109fffff
1203,8810344f01fffff
1204,88103681d1fffff
1205,8810345867fffff
1206,88103690b7fffff
1207,8810361621fffff
1208,8810368491fffff
1209,8811a924ddfffff
1210,881036b011fffff
1211,8810344d31fffff
1212,881036163dfffff
1213,88103440adfffff
1214,881036b05dfffff
1215,881036a36bfffff
1216,881036822dfffff
1217,8810369009fffff
1218,8811a92c53fffff
1219,88103686adfffff
1220,881036a001fffff
1221,881036b0d5fffff
1222,8810345357fffff
1223,88103684c5fffff
1224,881036b185fffff
1225,8811a92553fffff
1226,881036b563fffff
1227,881036822bfffff
1228,8810368329fffff
1229,88103695adfffff
1230,8810344f51fffff
1231,8811a92da3fffff
1232,8810345a19fffff
1233,8810369465fffff
1234,8810344b2dfffff
1235,8811a92d83fffff
1236,8810345829fffff
1237,8810344c35fffff
1238,881036b1d7fffff
1239,8810344287fffff
1240,8810368765fffff
1241,881036b09bfffff
1242,881036b299fffff
1243,8810344e23fffff
1244,8810369687fffff
1245,8811a92d5dfffff
1246,881036b009fffff
1247,8810344e2bfffff
1248,8811a92d97fffff
1249,881036a2e3fffff
1250,88103680d7fffff
1251,881034523bfffff
1252,88103684cdfffff
1253,881036b111fffff
1254,88103449e5fffff
1255,8810344dc1fffff
1256,881036b36bfffff
1257,881036b08dfffff
1258,8811a924d1fffff
1259,881036b247fffff
1260,8810344085fffff
1261,881036bad1fffff
1262,88103442e5fffff
1263,8810369031fffff
1264,8810345843fffff
1265,881034510dfffff
1266,8811a925a1fffff
1267,881034494dfffff
1268,8810344f03fffff
1269,88103616d5fffff
1270,8811a92ed7fffff
1271,8810368cc3fffff
1272,8810368363fffff
1273,881036b067fffff
1274,8810344817fffff
1275,88103695a5fffff
1276,88103616c5fffff
1277,8810368d03fffff
1278,8810368d31fffff
1279,88103451c9fffff
1280,881036b893fffff
1281,881036b881fffff
1282,881036b029fffff
1283,881036969dfffff
1284,881036bb1bfffff
1285,8810345a95fffff
1286,8810345ab9fffff
1287,881036803dfffff
1288,8811a92cc1fffff
1289,881034495bfffff
1290,88103694ddfffff
1291,881036864bfffff
1292,881036bb41fffff
1293,881034535dfffff
1294,8811a9245bfffff
1295,8811a925d1fffff
1296,8810369597fffff
1297,88103686b3fffff
1298,8810344223fffff
1299,8810345a89fffff
1300,881034435dfffff
1301,88103686d9fffff
1302,881036833bfffff
1303,881036ba3bfffff
1304,8810369029fffff
1305,8811a92d8dfffff
1306,881036b725fffff
1307,8810368427fffff
1308,88103458bdfffff
1309,881034c99dfffff
1310,881036b853fffff
1311,88103694b9fffff
1312,88103448c5fffff
1313,8810345197fffff
1314,8810345165fffff
1315,88103458c3fffff
1316,8810369503fffff
1317,8810345b57fffff
1318,8810368317fffff
1319,8811a92dc7fffff
1320,88103695a7fffff
1321,8810369115fffff
1322,8810368ec7fffff
1323,8810368525fffff
1324,8810368f19fffff
1325,8811a92e21fffff
1326,881034c9e1fffff
1327,88103686dbfffff
1328,88103681c1fffff
1329,881036b763fffff
1330,881034481dfffff
1331,881036ba99fffff
1332,8810344999fffff
1333,8811a92f0bfffff
1334,881036b363fffff
1335,881034c9b7fffff
1336,8810345085fffff
1337,88103690c1fffff
1338,8810369409fffff
1339,881036b219fffff
1340,8811a924c5fffff
1341,8811a92c51fffff
1342,8810344f53fffff
1343,881036a25bfffff
1344,8811a9242bfffff
1345,8810368447fffff
1346,88103459cdfffff
1347,8811a92467fffff
1348,8810368663fffff
1349,8810345b05fffff
1350,881036826dfffff
1351,88103682e1fffff
1352,8810368c91fffff
1353,8810344d07fffff
1354,881036b931fffff
1355,8810344e17fffff
1356,8810344841fffff
1357,881036968bfffff
1358,8810345117fffff
1359,8810369525fffff
1360,8810344109fffff
1361,8810369105fffff
1362,881036a2abfffff
1363,8810369683fffff
1364,881034415dfffff
1365,881036b897fffff
1366,88103450b5fffff
1367,88103681d9fffff
1368,881036bb63fffff
1369,881036b807fffff
1370,8810368195fffff
1371,8811a92e25fffff
1372,8811a926e9fffff
1373,881034c857fffff
1374,8811a92c8dfffff
1375,88103440b7fffff
1376,881036819dfffff
1377,8810345249fffff
1378,881034596dfffff
1379,8810345805fffff
1380,88103448e9fffff
1381,88103616e9fffff
1382,88103458e7fffff
1383,8810344357fffff
1384,8811a92e3dfffff
1385,881036ba83fffff
1386,8810369111fffff
1387,8810368c65fffff
1388,8811a926dbfffff
1389,8810344b29fffff
1390,881036a239fffff
1391,881036804dfffff
1392,8810361643fffff
1393,8810344047fffff
1394,8810344f19fffff
1395,881036972bfffff
1396,8811a926abfffff
1397,881036bab7fffff
1398,8810344887fffff
1399,8810368c45fffff
1400,8811a92ecdfffff
1401,881036a331fffff
1402,8810344e5bfffff
1403,8810368c11fffff
1404,881036a295fffff
1405,8810368503fffff
1406,881036b135fffff
1407,88103691a3fffff
1408,881036a23bfffff
1409,8811a92da5fffff
1410,8810368d41fffff
1411,881036bac9fffff
1412,8810344953fffff
1413,881034c815fffff
1414,8810368d3bfffff
1415,881036b9edfffff
1416,8810368441fffff
1417,8810368c21fffff
1418,8810368e09fffff
1419,8810344a1dfffff
1420,881036843bfffff
1421,881036b0bbfffff
1422,88103691b5fffff
1423,88103682e9fffff
1424,881036b847fffff
1425,8810344e3bfffff
1426,8810368033fffff
1427,8810345b4bfffff
1428,8810368eddfffff
1429,881034c98bfffff
1430,88103686b9fffff
1431,8810369137fffff
1432,881036a143fffff
1433,8810361659fffff
1434,8810368347fffff
1435,8811a92d0bfffff
1436,8810344925fffff
1437,8810344c41fffff
1438,881034436bfffff
1439,8810344149fffff
1440,8810344abdfffff
1441,8810344005fffff
1442,881036bb33fffff
1443,881036bb61fffff
1444,88103449a5fffff
1445,881036b037fffff
1446,881036951bfffff
1447,8810345981fffff
1448,881036b359fffff
1449,88103682edfffff
1450,8810344041fffff
1451,8810344e45fffff
1452,881036b95bfffff
1453,8810368e99fffff
1454,881036b0e7fffff
1455,8810344a83fffff
1456,8810344ad7fffff
1457,881036ba33fffff
1458,8810344d37fffff
1459,8811a92585fffff
1460,88103459b3fffff
1461,8810345a37fffff
1462,8810344d49fffff
1463,8811a92de3fffff
1464,881036ba91fffff
1465,881034534bfffff
1466,881036968dfffff
1467,88103686a7fffff
1468,8811a92509fffff
1469,8810345893fffff
1470,8810368c3dfffff
1471,881036b137fffff
1472,8810361639fffff
1473,881036b883fffff
1474,881036b1e9fffff
1475,881036b8ddfffff
1476,881036966bfffff
1477,881036aa63fffff
1478,881036b90dfffff
1479,88103698d9fffff
1480,8810368d99fffff
1481,881036844dfffff
1482,8810344dabfffff
1483,8811a92dadfffff
1484,881036b8e3fffff
1485,881036b0a1fffff
1486,8810344d3bfffff
1487,8811a92eadfffff
1488,8811a9249dfffff
1489,88103691e3fffff
1490,8810344dddfffff
1491,881034c9c7fffff
1492,8810368607fffff
1493,8811a924cbfffff
1494,8811a9251dfffff
1495,8810344a53fffff
1496,88103682d1fffff
1497,8811a926a5fffff
1498,881036ba67fffff
1499,8810368e9dfffff
1500,8810344939fffff
1501,88103685c1fffff
1502,8811a924cdfffff
1503,881036a2e5fffff
1504,8810369649fffff
1505,88103698d1fffff
1506,8810368eadfffff
1507,8810344203fffff
1508,88103616e1fffff
1509,881034c98dfffff
1510,8810368d5bfffff
1511,881036b993fffff
1512,881036852dfffff
1513,8810368215fffff
1514,8811a92415fffff
1515,881036b2b1fffff
1516,8810344865fffff
1517,88103698c3fffff
1518,8810361649fffff
1519,8810369647fffff
1520,8810345aa1fffff
1521,881036b8e7fffff
1522,8811a926d5fffff
1523,8810345aebfffff
1524,8811a92ed5fffff
1525,8810344c0dfffff
1526,8810345831fffff
1527,881036a31dfffff
1528,881036aa29fffff
1529,8810369749fffff
1530,881036bac3fffff
1531,881036a16dfffff
1532,8810369627fffff
1533,881034586bfffff
1534,8811a92cbdfffff
1535,881036a2e9fffff
1536,881036b315fffff
1537,8810345965fffff
1538,881036163bfffff
1539,8811a92ca3fffff
1540,8810368c67fffff
1541,8810368455fffff
1542,8810345b3bfffff
1543,8810369769fffff
1544,88103695abfffff
1545,881036b9a9fffff
1546,8810344c0bfffff
1547,8811a92d59fffff
1548,88103695d3fffff
1549,88103452e5fffff
1550,8810369467fffff
1551,8810344131fffff
1552,8810344209fffff
1553,8810368e51fffff
1554,8810369685fffff
1555,8810369767fffff
1556,8811a92e3bfffff
1557,8810345b65fffff
1558,8810344155fffff
1559,8810345333fffff
1560,8810345201fffff
1561,8810344121fffff
1562,881034496bfffff
1563,8810344aa7fffff
1564,8811a9268dfffff
1565,8810368e21fffff
1566,8810344b6bfffff
1567,881036a22dfffff
1568,8810344a27fffff
1569,8810368cebfffff
1570,8810344367fffff
1571,88103695edfffff
1572,8810368c19fffff
1573,88103441cdfffff
1574,8810369681fffff
1575,8810345b21fffff
1576,88103694d1fffff
1577,88103692e1fffff
1578,881036aa25fffff
1579,8810344253fffff
1580,881036babbfffff
1581,8810369ab9fffff
1582,881036b161fffff
1583,881034423bfffff
1584,8810345207fffff
1585,881034c985fffff
1586,8811a925e3fffff
1587,881036b10dfffff
1588,88103695b5fffff
1589,8810345841fffff
1590,8811a92e15fffff
1591,8810368dcbfffff
1592,8810344c27fffff
1593,88103681cdfffff
1594,881036ba1dfffff
1595,881036806bfffff
1596,881034516bfffff
1597,881036905dfffff
1598,88103692b7fffff
1599,881036b081fffff
1600,88103442edfffff
1601,881034413bfffff
1602,881036b8dbfffff
1603,8810368e19fffff
1604,8810368cd7fffff
1605,88103441d3fffff
1606,88103682cbfffff
1607,88103686bbfffff
1608,881036b237fffff
1609,8810345003fffff
1610,8810345a59fffff
1611,88103691bbfffff
1612,8810368dd9fffff
1613,881036a317fffff
1614,881034583bfffff
1615,88103451b1fffff
1616,8810368d43fffff
1617,881036aa41fffff
1618,881036b203fffff
1619,8810344043fffff
1620,8811a92c11fffff
1621,8810344d05fffff
1622,881036835dfffff
1623,8810368733fffff
1624,8811a92e95fffff
1625,881036965dfffff
1626,881036b31dfffff
1627,8810368c15fffff
1628,881036a2e1fffff
1629,881036976dfffff
1630,88103685e1fffff
1631,881036b207fffff
1632,881034414dfffff
1633,8810344881fffff
1634,881036164dfffff
1635,8810345881fffff
1636,8810368585fffff
1637,8811a9258bfffff
1638,8810344263fffff
1639,8810345ab7fffff
1640,8811a92dedfffff
1641,88103691dbfffff
1642,8810345969fffff
1643,881036850dfffff
1644,8810344983fffff
1645,88103690a3fffff
1646,881036811bfffff
1647,8810368087fffff
1648,881034410bfffff
1649,8810344ab1fffff
1650,8811a92409fffff
1651,8810344b2bfffff
1652,881036b2e3fffff
1653,881036b82bfffff
1654,88103690a5fffff
1655,88103681e5fffff
1656,88103449a7fffff
1657,88103440d5fffff
1658,8810345aa9fffff
1659,8810344f27fffff
1660,8811a92401fffff
1661,8810344301fffff
1662,881036823dfffff
1663,8811a925e7fffff
1664,8810344b37fffff
1665,8810368637fffff
1666,8810368e8bfffff
1667,8810368591fffff
1668,88103458ebfffff
1669,8810368ce3fffff
1670,8810368d47fffff
1671,881036b26dfffff
1672,8811a926cbfffff
1673,88103449abfffff
1674,8810345209fffff
1675,881034530bfffff
1676,8810368d97fffff
1677,88103691e7fffff
1678,8810369057fffff
1679,881036b133fffff
1680,8810345869fffff
1681,881036b165fffff
1682,8810344f45fffff
1683,8810368453fffff
1684,8810368d13fffff
1685,8811a926e1fffff
1686,8810368f37fffff
1687,8810368e07fffff
1688,881036b32bfffff
1689,881036b8c1fffff
1690,881036b043fffff
1691,8810368513fffff
1692,8810368711fffff
1693,881034515bfffff
1694,881036b803fffff
1695,8810344de5fffff
1696,881036908dfffff
1697,8811a92c43fffff
1698,8810344aa5fffff
1699,881036a28dfffff
1700,88103684a5fffff
1701,8810344b19fffff
1702,881036b353fffff
1703,881036b31bfffff
1704,8810368063fffff
1705,881036b1e3fffff
1706,8810344f29fffff
1707,8810345955fffff
1708,881036a01bfffff
1709,8810345359fffff
1710,8810344129fffff
1711,8810344801fffff
1712,88103448bdfffff
1713,881036b153fffff
1714,88103684abfffff
1715,881036b739fffff
1716,881036b1c7fffff
1717,881036840bfffff
1718,88103459d1fffff
1719,88103682a1fffff
1720,881036b0cbfffff
1721,881034c821fffff
1722,881036942dfffff
1723,881036943bfffff
1724,8810368e93fffff
1725,881036b0ddfffff
1726,881036a33dfffff
1727,8810344e1dfffff
1728,881036b059fffff
1729,8811a92dcdfffff
1730,8810369537fffff
1731,881036b867fffff
1732,8811a92e93fffff
1733,88103448a5fffff
1734,88103684b5fffff
1735,8810344e35fffff
1736,8811a92c0dfffff
1737,8810361609fffff
1738,8811a92ed3fffff
1739,8810369589fffff
1740,8810368e3dfffff
1741,8810368ecbfffff
1742,881036958dfffff
1743,8810368ce7fffff
1744,881036b197fffff
1745,88103696e3fffff
1746,8811a92ce9fffff
1747,88103684b1fffff
1748,8810369187fffff
1749,881034520bfffff
1750,881036ba95fffff
1751,8810344087fffff
1752,88103692d9fffff
1753,8810368239fffff
1754,88103441a9fffff
1755,88103449c7fffff
1756,88103681cbfffff
1757,8810344201fffff
1758,8810345063fffff
1759,8811a92ce1fffff
1760,88103442a5fffff
1761,881034595dfffff
1762,8810369299fffff
1763,8810345a53fffff
1764,8810369583fffff
1765,881036b201fffff
1766,8810344081fffff
1767,88103616c3fffff
1768,881036971dfffff
1769,88103690e3fffff
1770,8810368e63fffff
1771,8810344acbfffff
1772,88103451dbfffff
1773,8810369609fffff
1774,88103694e1fffff
1775,881036bac7fffff
1776,881036b097fffff
1777,8810368eb1fffff
1778,8810345367fffff
1779,8810368351fffff
1780,8810368061fffff
1781,881034c8adfffff
1782,8811a92ca7fffff
1783,8811a92e23fffff
1784,8810344a17fffff
1785,881036a349fffff
1786,8811a92ec3fffff
1787,8810368c01fffff
1788,881036bb0bfffff
1789,881036b2ddfffff
1790,8811a925bdfffff
1791,881036b72bfffff
1792,881036854bfffff
1793,8811a92debfffff
1794,881036b09dfffff
1795,8810345b61fffff
1796,881036942bfffff
1797,88103685d3fffff
1798,88103449c3fffff
1799,8810345043fffff
1800,88103450ebfffff
1801,881036b1d1fffff
1802,881036aa45fffff
1803,88103692c9fffff
1804,881036ba97fffff
1805,8810344063fffff
1806,881036b05bfffff
1807,881036929bfffff
1808,881036bae9fffff
1809,881036b9cdfffff
1810,8810368355fffff
1811,881036ba87fffff
1812,881036b193fffff
1813,8811a92db9fffff
1814,8810344241fffff
1815,881036ba1bfffff
1816,8811a92c09fffff
1817,8810345a97fffff
1818,881036169dfffff
1819,881036b8a5fffff
1820,8810368047fffff
1821,88103682e5fffff
1822,881036b81bfffff
1823,8810344123fffff
1824,8811a92ec1fffff
1825,88103441d7fffff
1826,881036875bfffff
1827,88103686c7fffff
1828,8810369745fffff
1829,88103682b3fffff
1830,8810369637fffff
1831,8810368cb9fffff
1832,881036a265fffff
1833,8811a92e91fffff
1834,881036909dfffff
1835,881034533dfffff
1836,8810344e27fffff
1837,8810368c51fffff
1838,8810344969fffff
1839,88103440b1fffff
1840,8810344dcbfffff
1841,8810369119fffff
1842,8810344c21fffff
1843,8810345a1bfffff
1844,88103698e1fffff
1845,8811a92da7fffff
1846,8810344d89fffff
1847,88103681a7fffff
1848,881036941dfffff
1849,88103682c7fffff
1850,8811a92451fffff
1851,88103696c3fffff
1852,8811a925dbfffff
1853,8810361747fffff
1854,8810344de9fffff
1855,881036844bfffff
1856,88103692c7fffff
1857,8810344e05fffff
1858,881036a203fffff
1859,8810368c41fffff
1860,8810344ae1fffff
1861,88103450a7fffff
1862,8810345009fffff
1863,881036b039fffff
1864,88103616cbfffff
1865,8810368e81fffff
1866,88103452e7fffff
1867,8810368647fffff
1868,8810345801fffff
1869,881036a045fffff
1870,8810368229fffff
1871,8810368435fffff
1872,881036b089fffff
1873,8810361641fffff
1874,8810344867fffff
1875,8810369603fffff
1876,8810368f2bfffff
1877,881036a2b1fffff
1878,8810345a6bfffff
1879,8810369557fffff
1880,88103681b9fffff
1881,881036bb69fffff
1882,881036826bfffff
1883,881036a34dfffff
1884,8810368269fffff
1885,8810344f6bfffff
1886,88103696c9fffff
1887,8810368651fffff
1888,8810345989fffff
1889,8810344e55fffff
1890,8810369aa1fffff
1891,881036b105fffff
1892,88103684d7fffff
1893,881036b01bfffff
1894,8810368205fffff
1895,88103691b3fffff
1896,8810369617fffff
1897,8810368265fffff
1898,8810368dd5fffff
1899,881036ba53fffff
1900,8810345309fffff
1901,8811a92ccdfffff
1902,881036174bfffff
1903,8810345819fffff
1904,88103691ddfffff
1905,8810368505fffff
1906,881036903dfffff
1907,8810344931fffff
1908,8810344e53fffff
1909,8810344343fffff
1910,8811a926c3fffff
1911,88103696b7fffff
1912,881036bb59fffff
1913,8810368f1bfffff
1914,8810369461fffff
1915,8810344069fffff
1916,881036b123fffff
1917,8810368c39fffff
1918,8810368207fffff
1919,8810344127fffff
1920,8810368185fffff
1921,881034510bfffff
1922,881036849bfffff
1923,881036b9b7fffff
1924,881034514dfffff
1925,8810345041fffff
1926,881034518dfffff
1927,8811a9243bfffff
1928,88103440c7fffff
1929,881036975bfffff
1930,881036b927fffff
1931,8810345859fffff
1932,8810344067fffff
1933,8810369103fffff
1934,8811a92ec5fffff
1935,8810369755fffff
1936,8810344c59fffff
1937,8810368dd7fffff
1938,8811a924c7fffff
1939,8810345913fffff
1940,881034485bfffff
1941,8810344b27fffff
1942,8810368563fffff
1943,881036b9d3fffff
1944,8810369aabfffff
1945,881036b147fffff
1946,88103616a1fffff
1947,8810368cd9fffff
1948,8811a92cc9fffff
1949,8810344231fffff
1950,8810369a95fffff
1951,8810345933fffff
1952,88103450b7fffff
1953,8811a92c9bfffff
1954,8810344835fffff
1955,8810344f39fffff
1956,881036b151fffff
1957,881036165bfffff
1958,8810344a03fffff
1959,8810345b55fffff
1960,881036b341fffff
1961,881036b255fffff
1962,881036b051fffff
1963,8810368c1bfffff
1964,881036b2d1fffff
1965,8810344b4dfffff
1966,881036b1b1fffff
1967,8810345b67fffff
1968,8811a92d31fffff
1969,8810344e51fffff
1970,8811a92d33fffff
1971,88103451bdfffff
1972,881036ba17fffff
1973,8810345ab5fffff
1974,881036848dfffff
1975,881036a149fffff
1976,88103695d5fffff
1977,8810345903fffff
1978,881036b9c3fffff
1979,881034418bfffff
1980,88103692e9fffff
1981,88103691a1fffff
1982,88103450a5fffff
1983,881036b28dfffff
1984,881036a155fffff
1985,881036b0b5fffff
1986,88103459e9fffff
1987,881036831dfffff
1988,8810344db5fffff
1989,88103698e9fffff
1990,8810345339fffff
1991,881036b567fffff
1992,8810344929fffff
1993,8810368697fffff
1994,881036b10bfffff
1995,881036a255fffff
1996,8810344965fffff
1997,881034c9ebfffff
1998,88103692a3fffff
1999,8810345b69fffff
2000,881036b017fffff
2001,881036b1cbfffff
2002,881036a319fffff
2003,8810368dbdfffff
2004,88103680dbfffff
2005,8810369499fffff
2006,8810345103fffff
2007,881036a259fffff
2008,881036b1dbfffff
2009,881034c9cdfffff
2010,881036a313fffff
2011,8810369051fffff
2012,881036b817fffff
2013,8810369a9bfffff
2014,881036b905fffff
2015,881036b995fffff
2016,8810368c35fffff
2017,8811a92ed1fffff
2018,88103449b1fffff
2019,881036a041fffff
2020,8810344d6bfffff
2021,88103685b1fffff
2022,8810368cd5fffff
2023,881034501bfffff
2024,8810344d85fffff
2025,881034501dfffff
2026,881036b22dfffff
2027,881036a2e7fffff
2028,8810369297fffff
2029,881036b20dfffff
2030,881034456dfffff
2031,8810344ecdfffff
2032,881036b307fffff
2033,881036b917fffff
2034,881036a2edfffff
2035,881036846bfffff
2036,881036b215fffff
2037,8810368eb7fffff
2038,88103458b1fffff
2039,8810368431fffff
2040,881034534dfffff
2041,881034c9e9fffff
2042,881036952bfffff
2043,881034c81bfffff
2044,881036a253fffff
2045,8810345a85fffff
2046,8810368dc1fffff
2047,881036ba05fffff
2048,881036b041fffff
2049,8811a92e03fffff
2050,8810368d91fffff
2051,88103694d3fffff
2052,881034c9c5fffff
2053,8810344309fffff
2054,88103451e5fffff
2055,881036a151fffff
2056,8811a92dc5fffff
2057,8811a92557fffff
2058,881036b8d3fffff
2059,8810368eedfffff
2060,8810368f41fffff
2061,8810369017fffff
2062,88103442e1fffff
2063,8810344349fffff
2064,8810345919fffff
2065,881036b369fffff
2066,881036a20dfffff
2067,88103681c7fffff
2068,881036836dfffff
2069,88103682bbfffff
2070,8810369523fffff
2071,8811a926a9fffff
2072,88103449e3fffff
2073,881034513dfffff
2074,8810344ab9fffff
2075,8811a92533fffff
2076,8810368f03fffff
2077,881036b89bfffff
2078,881036a159fffff
2079,881036928bfffff
2080,8810369645fffff
2081,88103680b1fffff
2082,881036161bfffff
2083,8810368705fffff
2084,8810368ca3fffff
2085,8810344845fffff
2086,8810344a63fffff
2087,8810368443fffff
2088,88103680edfffff
2089,8810344d8bfffff
2090,881036b187fffff
2091,881034402dfffff
2092,88103698e7fffff
2093,88103681e7fffff
2094,8810345ac7fffff
2095,881034512dfffff
2096,8811a92485fffff
2097,881034c839fffff
2098,88103449c5fffff
2099,881036b329fffff
2100,881036a33bfffff
2101,881036b84bfffff
2102,8810344959fffff
2103,881036b723fffff
2104,881036971bfffff
2105,8810369635fffff
2106,8810368c05fffff
2107,8811a92581fffff
2108,881034490bfffff
2109,881036a04dfffff
2110,8810368d1bfffff
2111,8810369a87fffff
2112,8810368c27fffff
2113,8811a925b1fffff
2114,881036b263fffff
2115,88103449a3fffff
2116,88103684a1fffff
2117,88103684ebfffff
2118,8810369813fffff
2119,8811a92c9dfffff
2120,8810368039fffff
2121,88103695e1fffff
2122,881034598bfffff
2123,8810345b11fffff
2124,8811a92eb1fffff
2125,88103694b3fffff
2126,8810368625fffff
2127,881036bad3fffff
2128,8810368d19fffff
2129,881036b76dfffff
2130,8810344f17fffff
2131,88103692e7fffff
2132,881034c8a7fffff
2133,8810344a19fffff
2134,881036164bfffff
2135,881036a063fffff
2136,88103616c1fffff
2137,8810368dabfffff
2138,8810368499fffff
2139,8810345223fffff
2140,8810345a55fffff
2141,881036b903fffff
2142,881036b16bfffff
2143,8810368e17fffff
2144,88103450a9fffff
2145,88103686c1fffff
2146,8810344105fffff
2147,8810344197fffff
2148,8810368133fffff
2149,8811a9268bfffff
2150,8810345a15fffff
2151,8810369615fffff
2152,881036962dfffff
2153,881036b305fffff
2154,8810344e57fffff
2155,881036b863fffff
2156,8810344181fffff
2157,8810368d59fffff
2158,881036b18bfffff
2159,8810368cddfffff
2160,881036b86bfffff
2161,881036a06bfffff
2162,881036b9c9fffff
2163,8810345815fffff
2164,8810369765fffff
2165,8810369535fffff
2166,881036a213fffff
2167,8811a925e1fffff
2168,8810368ee7fffff
2169,8811a92d1dfffff
2170,8811a92459fffff
2171,881036ab59fffff
2172,8810369287fffff
2173,88103680cbfffff
2174,8810369091fffff
2175,881036964dfffff
2176,8810345813fffff
2177,88103459c3fffff
2178,881036a335fffff
2179,881034408dfffff
2180,8810344a95fffff
2181,88103450a1fffff
2182,8810368d93fffff
2183,881036b26bfffff
2184,8811a92f33fffff
2185,881036b361fffff
2186,8810344ee1fffff
2187,8810345907fffff
2188,8811a925bbfffff
2189,881034c9edfffff
2190,881036b0e1fffff
2191,8810368e65fffff
2192,881036950bfffff
2193,8811a92cabfffff
2194,881036845dfffff
2195,8810368489fffff
2196,8811a92483fffff
2197,88103450c1fffff
2198,8811a92c3dfffff
2199,88103441adfffff
2200,8810368365fffff
2201,8810345261fffff
2202,88103696abfffff
2203,8810344899fffff
2204,8810368469fffff
2205,8810344d3dfffff
2206,8810345b2dfffff
2207,881036bb35fffff
2208,8811a92c4dfffff
2209,88103459e1fffff
2210,881036b225fffff
2211,881036861dfffff
2212,88103686a5fffff
2213,8810345b51fffff
2214,8810345927fffff
2215,8810345949fffff
2216,88103692cbfffff
2217,8810368235fffff
2218,881036b855fffff
2219,881036b919fffff
2220,8810368e45fffff
2221,8810344f43fffff
2222,88103451a1fffff
2223,881036bae1fffff
2224,8811a925d3fffff
2225,8810344b31fffff
2226,881036bb47fffff
2227,8810368eb3fffff
2228,88103681ddfffff
2229,881036b309fffff
2230,8810345ac1fffff
2231,8811a92d17fffff
2232,8810344b3dfffff
2233,8810368c61fffff
2234,8810344b11fffff
2235,881036b1b7fffff
2236,8810345a3bfffff
2237,8810369ab1fffff
2238,8810368203fffff
2239,88103696adfffff
2240,8810361689fffff
2241,8810344d5bfffff
2242,881036b287fffff
2243,881036b2a3fffff
2244,881034502bfffff
2245,8810345aabfffff
2246,8810345105fffff
2247,8810345a99fffff
2248,8810345b43fffff
2249,8811a92e85fffff
2250,881036864dfffff
2251,881036832bfffff
2252,8811a92e2dfffff
2253,88103684c1fffff
2254,8810368051fffff
2255,8810345a61fffff
2256,8810344957fffff
2257,88103442a7fffff
2258,8810361749fffff
2259,881036b02bfffff
2260,88103459e3fffff
2261,88103690cdfffff
2262,8810344927fffff
2263,8810345183fffff
2264,88103695c7fffff
2265,8810344b4bfffff
2266,881036b813fffff
2267,8810344003fffff
2268,881034c917fffff
2269,881036a247fffff
2270,8810344f5bfffff
2271,8810368731fffff
2272,88103680e9fffff
2273,88103694a9fffff
2274,8810344921fffff
2275,88103459b9fffff
2276,8810344c07fffff
2277,881036bad7fffff
2278,8810368099fffff
2279,8810344ad1fffff
2280,8810345ae7fffff
2281,8810369403fffff
2282,8811a926e5fffff
2283,8810369559fffff
2284,881036853bfffff
2285,8810345945fffff
2286,8811a926e3fffff
2287,88103685b7fffff
2288,881036b065fffff
2289,8810344a87fffff
2290,881034c995fffff
2291,8810368899fffff
2292,8811a92c1bfffff
2293,8810368487fffff
2294,8810344a6dfffff
2295,881034415bfffff
2296,881034506bfffff
2297,8810344219fffff
2298,881036874dfffff
2299,8810345187fffff
2300,88103681abfffff
2301,8810344e65fffff
2302,881034531bfffff
2303,8810344365fffff
2304,8810344305fffff
2305,8810344f59fffff
2306,8810344221fffff
2307,8810368045fffff
2308,8810368c23fffff
2309,881036b9e5fffff
2310,8810368181fffff
2311,881034524dfffff
2312,8810361619fffff
2313,881034c8e1fffff
2314,881036b98dfffff
2315,881036b319fffff
2316,88103694b7fffff
2317,881034426bfffff
2318,8810344011fffff
2319,881036b339fffff
2320,8810344aa9fffff
2321,8810345a03fffff
2322,88103694d9fffff
2323,8810369adbfffff
2324,8810368e01fffff
2325,8811a926b1fffff
2326,8811a92db7fffff
2327,881036b953fffff
2328,8810345019fffff
2329,881034432bfffff
2330,8810368359fffff
2331,8810369015fffff
2332,88103458c9fffff
2333,881036b849fffff
2334,8811a92ea5fffff
2335,881034405bfffff
2336,8810344d69fffff
2337,88103448e3fffff
2338,8810369669fffff
2339,881036b885fffff
2340,881034422dfffff
2341,881034594dfffff
2342,881036b9e1fffff
2343,881036b019fffff
2344,8811a925abfffff
2345,8810345803fffff
2346,8810368c6bfffff
2347,8810368593fffff
2348,881036b005fffff
2349,8810368531fffff
2350,881036b85bfffff
2351,881036904bfffff
2352,88103680d9fffff
2353,8810369481fffff
2354,8810369417fffff
2355,8811a92c2bfffff
2356,881036842dfffff
2357,8810344d4bfffff
2358,8811a924bbfffff
2359,8810361601fffff
2360,8810344d55fffff
2361,88103692dbfffff
2362,8810368ec9fffff
2363,881034c9adfffff
2364,881036b8d9fffff
2365,8810344ac3fffff
2366,8810368a9bfffff
2367,8810368e1dfffff
2368,881034599dfffff
2369,881036821bfffff
2370,8810369085fffff
2371,88103448b1fffff
2372,8810368f0bfffff
2373,881036b8a1fffff
2374,8811a92539fffff
2375,88103458e5fffff
2376,88103459bdfffff
2377,881036a04bfffff
2378,8810345addfffff
2379,8811a92eedfffff
2380,8810344ae3fffff
2381,8810368035fffff
2382,8810344805fffff
2383,8810368c57fffff
2384,8810369561fffff
2385,881036ba81fffff
2386,8811a92c97fffff
2387,8811a92de1fffff
2388,881036910bfffff
2389,8810361449fffff
2390,881036a05bfffff
2391,88103696b1fffff
2392,881036953dfffff
2393,8811a92c87fffff
2394,8810368709fffff
2395,8810344257fffff
2396,881036b9c5fffff
2397,8810368641fffff
2398,881036b981fffff
2399,8810344a07fffff
2400,8810345b6bfffff
2401,88103616e3fffff
2402,8810368757fffff
2403,8811a92c0bfffff
2404,8811a92f11fffff
2405,8810344d19fffff
2406,8810368f5dfffff
2407,881034c8ebfffff
2408,8810368f0dfffff
2409,8810344157fffff
2410,881036b869fffff
2411,8811a92dabfffff
2412,8810344101fffff
2413,88103691e1fffff
2414,881036a251fffff
2415,88103684e7fffff
2416,8810368083fffff
2417,881036a357fffff
2418,8810345325fffff
2419,881034420bfffff
2420,881036903bfffff
2421,8810344c1dfffff
2422,8810344b03fffff
2423,88103694cdfffff
2424,8810368749fffff
2425,88103449e7fffff
2426,88103449b7fffff
2427,88103448b9fffff
2428,8810345b49fffff
2429,881034c997fffff
2430,8811a92c81fffff
2431,8811a92427fffff
2432,881036aa4dfffff
2433,881036b895fffff
2434,8810344ac9fffff
2435,8811a92db5fffff
2436,881036b801fffff
2437,88103690c5fffff
2438,88103690b9fffff
2439,8811a92419fffff
2440,88103681adfffff
2441,881036b9a7fffff
2442,8810368f11fffff
2443,88103691c9fffff
2444,881034492dfffff
2445,88103459c7fffff
2446,8810344ac5fffff
2447,88103686d5fffff
2448,881036905bfffff
2449,881036b2d5fffff
2450,881036168dfffff
2451,8810345061fffff
2452,8810368ea1fffff
2453,88103686e1fffff
2454,88103698d3fffff
2455,88103690ebfffff
2456,8810368e97fffff
2457,88103685edfffff
2458,88103690b1fffff
2459,88103458adfffff
2460,8810368701fffff
2461,88103692a1fffff
2462,881036b145fffff
2463,88103441d1fffff
2464,881034404dfffff
2465,881036b809fffff
2466,8810368d51fffff
2467,881036909bfffff
2468,881034596bfffff
2469,881036aa6bfffff
2470,8811a924e5fffff
2471,8810368c55fffff
2472,8810344f21fffff
2473,8810344039fffff
2474,8810345a2dfffff
2475,8811a92c49fffff
2476,88103441b3fffff
2477,8810369ac1fffff
2478,881034503bfffff
2479,88103680ebfffff
2480,8810368737fffff
2481,881034519bfffff
2482,8810368dc3fffff
2483,8810345957fffff
2484,881036aa61fffff
2485,8810368755fffff
2486,88103690e7fffff
2487,8810361605fffff
2488,881036959dfffff
2489,8810345ad1fffff
2490,8810345b09fffff
2491,881036b1bdfffff
2492,8810344911fffff
2493,881036901bfffff
2494,8810361665fffff
2495,8810345827fffff
2496,88103440e1fffff
2497,8810345ac5fffff
2498,8810345905fffff
2499,8810368621fffff
2500,881036b095fffff
2501,881034c983fffff
2502,881036970bfffff
2503,8811a9241dfffff
2504,8810361603fffff
2505,881036b80bfffff
2506,8810345149fffff
2507,8811a92457fffff
2508,8810368d09fffff
2509,8810345139fffff
2510,88103692adfffff
2511,8810344a8bfffff
2512,8811a92ea7fffff
2513,881036b053fffff
2514,8811a92d87fffff
2515,8810344033fffff
2516,881036b19bfffff
2517,881036a333fffff
2518,881036ba41fffff
2519,8811a926b5fffff
2520,881036bab9fffff
2521,8811a925a3fffff
2522,881036b913fffff
2523,88103449cdfffff
2524,881036a289fffff
2525,8810368d5dfffff
2526,881036a069fffff
2527,8811a92e27fffff
2528,881036b99bfffff
2529,8810345a25fffff
2530,8811a92c3bfffff
2531,881034588bfffff
2532,8810345909fffff
2533,881034c8a1fffff
2534,8810369021fffff
2535,88103695e5fffff
2536,881034c83bfffff
2537,881034409dfffff
2538,8810344247fffff
2539,8811a92525fffff
2540,88103695c5fffff
2541,8810368e2bfffff
2542,88103450bdfffff
2543,8810368c13fffff
2544,8810368c3bfffff
2545,88103440c9fffff
2546,8810344c23fffff
2547,881036960dfffff
2548,8810345985fffff
2549,881036955bfffff
2550,88103459d7fffff
2551,8810369019fffff
2552,881036988dfffff
2553,881036ba25fffff
2554,8810344c65fffff
2555,8810345ae1fffff
2556,881036171bfffff
2557,8810368293fffff
2558,8810369651fffff
2559,8810344567fffff
2560,8810345aedfffff
2561,881036801dfffff
2562,8810344245fffff
2563,881036a359fffff
2564,8810344e6bfffff
2565,8810369ac3fffff
2566,88103684b9fffff
2567,88103685ddfffff
2568,8810368ca5fffff
2569,88103691b1fffff
2570,8810344019fffff
2571,8810368f05fffff
2572,88103681b5fffff
2573,8811a9269dfffff
2574,8810344945fffff
2575,8810368ee1fffff
2576,88103616a5fffff
2577,88103686b1fffff
2578,8811a92429fffff
2579,8810344ee7fffff
2580,881034532dfffff
2581,8810345839fffff
2582,8810368699fffff
2583,8810345181fffff
2584,8810345035fffff
2585,88103691d1fffff
2586,881036b21dfffff
2587,8811a92cb1fffff
2588,8811a925a5fffff
2589,881034580bfffff
2590,8811a92695fffff
2591,8810344a37fffff
2592,88103459b1fffff
2593,8810369545fffff
2594,8810345045fffff
2595,881036ba0dfffff
2596,881036b0b7fffff
2597,88103690c7fffff
2598,881036843dfffff
2599,881036b9e9fffff
2600,8810368d83fffff
2601,8810368e85fffff
2602,8810344839fffff
2603,88103680b9fffff
2604,8810345b35fffff
2605,881036b031fffff
2606,8810345817fffff
2607,8810368221fffff
2608,88103451b7fffff
2609,88103685a5fffff
2610,8811a92c31fffff
2611,881034536dfffff
2612,8810369697fffff
2613,88103691ebfffff
2614,881036b839fffff
2615,881036bb1dfffff
2616,881036bb6bfffff
2617,8811a926ebfffff
2618,881036b543fffff
2619,88103695b9fffff
2620,8810369613fffff
2621,881036b2edfffff
2622,8810344997fffff
2623,881036bab1fffff
2624,8810345005fffff
2625,88103696d5fffff
2626,8810368067fffff
2627,88103451cbfffff
2628,88103684c9fffff
2629,8810344229fffff
2630,8811a92cb9fffff
2631,881036b9c1fffff
2632,881036b30bfffff
2633,88103448d7fffff
2634,8810368dbbfffff
2635,8810344f4dfffff
2636,8810368c03fffff
2637,8811a92591fffff
2638,88103685e5fffff
2639,8810345237fffff
2640,8810368ea7fffff
2641,8810368523fffff
2642,881036a047fffff
2643,8810344d4dfffff
2644,88103441b7fffff
2645,8810345b31fffff
2646,8810344849fffff
2647,8810368e37fffff
2648,881036bb2dfffff
2649,88103684d5fffff
2650,8810369509fffff
2651,88103698ebfffff
2652,8810368ce1fffff
2653,88103696d7fffff
2654,881036a15bfffff
2655,8810368493fffff
2656,8810344d65fffff
2657,8810344821fffff
2658,88103616dbfffff
2659,88103695e3fffff
2660,881036b229fffff
2661,881036b8cdfffff
2662,8810369663fffff
2663,8810344847fffff
2664,88103685abfffff
2665,8810368559fffff
2666,8810344f65fffff
2667,8811a92d3dfffff
2668,8810345a11fffff
2669,8810344e01fffff
2670,88103680a3fffff
2671,8810368717fffff
2672,881036b999fffff
2673,881036859dfffff
2674,8810369719fffff
2675,881034c9ddfffff
2676,88103681c9fffff
2677,881034584bfffff
2678,881036b945fffff
2679,881034410dfffff
2680,8811a92d4bfffff
2681,8810368735fffff
2682,8810368f5bfffff
2683,8810344e59fffff
2684,8810345205fffff
2685,881036b191fffff
2686,8810368623fffff
2687,8810344b09fffff
2688,88103694d7fffff
2689,8811a92d9dfffff
2690,8810345851fffff
2691,8811a92ee5fffff
2692,88103682ddfffff
2693,8810345101fffff
2694,88103681d7fffff
2695,88103696d1fffff
2696,881036a315fffff
2697,8810345269fffff
2698,88103449cbfffff
2699,881034526dfffff
2700,88103691c7fffff
2701,881036bb6dfffff
2702,8810345301fffff
2703,8811a92ebdfffff
2704,8810369705fffff
2705,881036bb01fffff
2706,8810368539fffff
2707,8810368c9dfffff
2708,8811a9249bfffff
2709,8810368515fffff
2710,881036b9b3fffff
2711,8810368e83fffff
2712,8810345263fffff
2713,8810369567fffff
2714,88103686e5fffff
2715,881036b2b7fffff
2716,8810345809fffff
2717,8810344935fffff
2718,8810344d01fffff
2719,88103458d1fffff
2720,8811a92c6bfffff
2721,88103694cbfffff
2722,8810345023fffff
2723,8810345337fffff
2724,8810345137fffff
2725,881036a2bdfffff
2726,8810368751fffff
2727,8810368727fffff
2728,88103680c7fffff
2729,881036b32dfffff
2730,88103691a9fffff
2731,8810369517fffff
2732,8810344d61fffff
2733,8810368425fffff
2734,881036841dfffff
2735,88103441c9fffff
2736,881036b8c9fffff
2737,8810368423fffff
2738,8810345ad7fffff
2739,881036b021fffff
2740,88103451d9fffff
2741,881036b107fffff
2742,8810368dc5fffff
2743,88103449b9fffff
2744,881036b1d9fffff
2745,8810368cbdfffff
2746,8810344e67fffff
2747,8810369505fffff
2748,8810345241fffff
2749,8810344b65fffff
2750,881034485dfffff
2751,8810369449fffff
2752,881034c9a7fffff
2753,8810345849fffff
2754,881036b29dfffff
2755,8810368d87fffff
2756,88103685b3fffff
2757,8810368367fffff
2758,8810368689fffff
2759,88103451edfffff
2760,881034491bfffff
2761,881036a225fffff
2762,88103449e9fffff
2763,88103458a9fffff
2764,881034430dfffff
2765,88103451a3fffff
2766,881036a217fffff
2767,881036a323fffff
2768,881036849dfffff
2769,881034c913fffff
2770,8810368019fffff
2771,8810345a57fffff
2772,8810369611fffff
2773,88103686c5fffff
2774,8811a9242dfffff
2775,881036b9adfffff
2776,8810368509fffff
2777,8811a92587fffff
2778,881036aa6dfffff
2779,881034c9a5fffff
2780,8810344a47fffff
2781,881036bb05fffff
2782,881036b843fffff
2783,8811a9241bfffff
2784,88103690e5fffff
2785,8810344c5dfffff
2786,881034583dfffff
2787,8810344215fffff
2788,8810368eb9fffff
2789,88103686b7fffff
2790,881036ba69fffff
2791,88103685e9fffff
2792,8810344345fffff
2793,8810369291fffff
2794,8810344189fffff
2795,881034c999fffff
2796,881034400bfffff
2797,8811a92dd9fffff
2798,8811a925b7fffff
2799,881036b8d7fffff
2800,881036b357fffff
2801,8810369515fffff
2802,8811a92c07fffff
2803,881034c833fffff
2804,8810368745fffff
2805,881034422bfffff
2806,881036bb43fffff
2807,8810344321fffff
2808,881036940dfffff
2809,88103448adfffff
2810,881036a145fffff
2811,8810345081fffff
2812,8810344b63fffff
2813,881036ba3dfffff
2814,8810368753fffff
2815,8810368519fffff
2816,8810368009fffff
2817,881036a15dfffff
2818,881034c803fffff
2819,88103682c1fffff
2820,8811a92ee3fffff
2821,881036b56dfffff
2822,8811a925d5fffff
2823,88103684e1fffff
2824,88103616edfffff
2825,8810344341fffff
2826,881034523dfffff
2827,8810344205fffff
2828,881036a2bbfffff
2829,8810368445fffff
2830,88103695d9fffff
2831,881036a2a1fffff
2832,881036a043fffff
2833,8811a924b3fffff
2834,88103441a1fffff
2835,88103691edfffff
2836,881036ba29fffff
2837,88103442a1fffff
2838,881036830bfffff
2839,8810345961fffff
2840,8810344e21fffff
2841,8810369039fffff
2842,8810344e61fffff
2843,8810345897fffff
2844,881036a243fffff
2845,8810368301fffff
2846,881036b15dfffff
2847,8810368cb1fffff
2848,8810368517fffff
2849,8810344f37fffff
2850,8811a92e17fffff
2851,8810361711fffff
2852,8810345135fffff
2853,881036b23bfffff
2854,881036b00dfffff
2855,8810344049fffff
2856,881034488dfffff
2857,881036b9bbfffff
2858,88103691a7fffff
2859,8810344b13fffff
2860,88103440abfffff
2861,8811a92d53fffff
2862,881036b0a3fffff
2863,8810344869fffff
2864,8810368333fffff
2865,881034421dfffff
2866,8811a92f37fffff
2867,8810344ea5fffff
2868,88103681e3fffff
2869,88103682a9fffff
2870,881036b239fffff
2871,88103459abfffff
2872,8810368d8bfffff
2873,8810344a91fffff
2874,88103441e3fffff
2875,881034401dfffff
2876,881036b1a5fffff
2877,88103692c5fffff
2878,8810344b05fffff
2879,881034411dfffff
2880,88103682b5fffff
2881,88103686ebfffff
2882,88103616a7fffff
2883,8810368007fffff
2884,8810344023fffff
2885,88103449dbfffff
2886,8810368dd1fffff
2887,8810344909fffff
2888,8811a92de5fffff
2889,88103682d5fffff
2890,8810344213fffff
2891,8811a926bbfffff
2892,8810368d0dfffff
2893,881036ba07fffff
2894,88103451c5fffff
2895,8810368e23fffff
2896,8811a925edfffff
2897,8810345143fffff
2898,8810344861fffff
2899,8810344b47fffff
2900,8810368e59fffff
2901,881034c935fffff
2902,88103440c3fffff
2903,881036b18dfffff
2904,8810345327fffff
2905,881036b8d5fffff
2906,881036b249fffff
2907,8810369435fffff
2908,8810344a6bfffff
2909,88103696bdfffff
2910,881036a303fffff
2911,8810368415fffff
2912,881036b52dfffff
2913,8810368553fffff
2914,8810344c2dfffff
2915,8810344e3dfffff
2916,8811a92c91fffff
2917,88103684bbfffff
2918,8810344115fffff
2919,8810345361fffff
2920,881036b04bfffff
2921,8810345a41fffff
2922,88103694e7fffff
2923,88103685adfffff
2924,88103692ebfffff
2925,8810345b5dfffff
2926,8811a92d35fffff
2927,8810368081fffff
2928,88103695e7fffff
2929,881036858bfffff
2930,88103690edfffff
2931,881036b9ebfffff
2932,8810344a61fffff
2933,8810344e37fffff
2934,8810369565fffff
2935,8810345215fffff
2936,881036b289fffff
2937,881034c931fffff
2938,88103696d9fffff
2939,881036b0e3fffff
2940,881034c8abfffff
2941,881036b22bfffff
2942,881036166dfffff
2943,8810344e03fffff
2944,88103441e5fffff
2945,88103448dbfffff
2946,8810368f57fffff
2947,88103441c1fffff
2948,88103686d1fffff
2949,8810345ab3fffff
2950,881034416bfffff
2951,8811a92411fffff
2952,881034502dfffff
2953,8810368521fffff
2954,8810345b47fffff
2955,8810344b55fffff
2956,8810368c9bfffff
2957,881034504dfffff
2958,8810345b25fffff
2959,8810368d4bfffff
2960,881036145dfffff
2961,8810344dd9fffff
2962,881036b88bfffff
2963,8810368e25fffff
2964,881034592dfffff
2965,8810369595fffff
2966,8810344807fffff
2967,881034c9d9fffff
2968,8810368f1dfffff
2969,8810344dc9fffff
2970,881036ba11fffff
2971,8810368595fffff
2972,881036b155fffff
2973,8810369699fffff
2974,8810344f0dfffff
2975,881036b8d1fffff
2976,8810345167fffff
2977,8811a92499fffff
2978,88103459d9fffff
2979,881036b707fffff
2980,8810345a51fffff
2981,8810345ac9fffff
2982,8810344083fffff
2983,8810369aa3fffff
2984,8810345311fffff
2985,88103694e3fffff
2986,88103449e1fffff
2987,881036b8adfffff
2988,881036ba47fffff
2989,881036a267fffff
2990,8810368dddfffff
2991,881036b033fffff
2992,881036a24bfffff
2993,8810345247fffff
2994,8810368cbbfffff
2995,8810369555fffff
2996,8810345161fffff
2997,8810368c4bfffff
2998,8810369ad3fffff
2999,8810344987fffff
3000,881036b8abfffff
3001,881036ba27fffff
3002,8810369601fffff
3003,8810344015fffff
3004,881034420dfffff
3005,8810344b1dfffff
3006,8810369759fffff
3007,88103451b5fffff
3008,8810344acdfffff
3009,8811a92531fffff
3010,8810344b3bfffff
3011,881036bae5fffff
3012,8810368cc7fffff
3013,8811a92cddfffff
3014,881036b8c5fffff
3015,8810344d1bfffff
3016,8810344355fffff
3017,881036aa65fffff
3018,8810369607fffff
3019,881036868bfffff
3020,88103681a3fffff
3021,881036823bfffff
3022,881036bb19fffff
3023,881036ba49fffff
3024,881036b1c3fffff
3025,8810368611fffff
3026,8810344065fffff
3027,881034482dfffff
3028,8810369a99fffff
3029,8810345107fffff
3030,8810345b33fffff
3031,8810344007fffff
3032,8810368cabfffff
3033,8810344191fffff
3034,881036b345fffff
3035,8810344017fffff
3036,8810344e47fffff
3037,8810345125fffff
3038,8810368459fffff
3039,8810344251fffff
3040,8810369445fffff
3041,8811a92447fffff
3042,8810344e19fffff
3043,881034c9a9fffff
3044,8810344d6dfffff
3045,881036144bfffff
3046,8810368e4bfffff
3047,8810368f63fffff
3048,8810368345fffff
3049,8810369195fffff
3050,88103680bdfffff
3051,8810369011fffff
3052,881034c8a9fffff
3053,881036a343fffff
3054,8810368743fffff
3055,8811a92ca9fffff
3056,881036bb57fffff
3057,8810344993fffff
3058,8810345a01fffff
3059,8810345153fffff
3060,8810344933fffff
3061,88103695c1fffff
3062,881036913dfffff
3063,88103694a5fffff
3064,88103690c3fffff
3065,881036b923fffff
3066,8810345033fffff
3067,8810368c4dfffff
3068,88103458cbfffff
3069,881036a361fffff
3070,8810368439fffff
3071,881034c9b5fffff
3072,8810369001fffff
3073,8810369117fffff
3074,881034400dfffff
3075,881036865bfffff
3076,881036b8bbfffff
3077,881036969bfffff
3078,8810368601fffff
3079,8810368f35fffff
3080,881036baabfffff
3081,8810369587fffff
3082,881036b149fffff
3083,88103686b5fffff
3084,881036b317fffff
3085,8811a92f15fffff
3086,8810368c59fffff
3087,881036ab4dfffff
3088,881036853dfffff
3089,881036824bfffff
3090,8810368017fffff
3091,88103449bbfffff
3092,8810368433fffff
3093,8810345917fffff
3094,88103459a7fffff
3095,8810344361fffff
3096,88103696c5fffff
3097,881036b90bfffff
3098,8810368f47fffff
3099,8810344351fffff
3100,8810368245fffff
3101,8811a92f35fffff
3102,881036a2b9fffff
3103,8810368d8dfffff
3104,881036ba03fffff
3105,881036bb2bfffff
3106,881036b819fffff
3107,881034505dfffff
3108,88103452a5fffff
3109,8811a92dc9fffff
3110,8810344f69fffff
3111,8811a92e1dfffff
3112,88103448d3fffff
3113,8810368e49fffff
3114,881036b2a1fffff
3115,8811a92ee7fffff
3116,8810369733fffff
3117,88103451a9fffff
3118,881036a00bfffff
3119,88103684bdfffff
3120,881034491dfffff
3121,88103692c3fffff
3122,8810344359fffff
3123,881036961dfffff
3124,8810368c07fffff
3125,88103448a7fffff
3126,8810368e6dfffff
3127,88103685c3fffff
3128,8810369521fffff
3129,88103695dbfffff
3130,8810345ac3fffff
3131,8810368643fffff
3132,8810344c5bfffff
3133,8810344f3dfffff
3134,8810344ac7fffff
3135,8810369423fffff
3136,8810361615fffff
3137,881036b015fffff
3138,881034423dfffff
3139,8810369659fffff
3140,8810344ae7fffff
3141,881036b2bdfffff
3142,881036b2c5fffff
3143,8811a92cb3fffff
3144,8810369633fffff
3145,8810369491fffff
3146,881036b825fffff
3147,88103458a1fffff
3148,881036b0ebfffff
3149,8810368f61fffff
3150,8811a92c59fffff
3151,8810368c5bfffff
3152,8810368e57fffff
3153,881036855bfffff
3154,8810369097fffff
3155,881036b1d5fffff
3156,8810361651fffff
3157,8810344a21fffff
3158,881036129bfffff
3159,8810361623fffff
3160,88103450e9fffff
3161,88103686abfffff
3162,881036b281fffff
3163,881034c8edfffff
3164,8810344c45fffff
3165,881034430bfffff
3166,8810369425fffff
3167,881036b811fffff
3168,8811a92ddbfffff
3169,881034c8e9fffff
3170,8810344a11fffff
3171,8810368057fffff
3172,881034486dfffff
3173,8810368537fffff
3174,88103441c3fffff
3175,8810345113fffff
3176,8810345887fffff
3177,8810345227fffff
3178,8810368693fffff
3179,881034495dfffff
3180,8810369191fffff
3181,88103449a9fffff
3182,8811a926c9fffff
3183,881034c991fffff
3184,8810368f4bfffff
3185,881034591bfffff
3186,8810368305fffff
3187,8811a92d91fffff
3188,881036928dfffff
3189,881036809dfffff
3190,8810369025fffff
3191,881036b933fffff
3192,8810369439fffff
3193,8811a92431fffff
3194,8810344981fffff
3195,881034490dfffff
3196,8810345a49fffff
3197,8810368d0bfffff
3198,8810344961fffff
3199,881036bb5dfffff
3200,8810345087fffff
3201,881034480dfffff
3202,881036b243fffff
3203,8811a924c9fffff
3204,8810368113fffff
3205,88103690b5fffff
3206,881036b989fffff
3207,881036953bfffff
3208,881034426dfffff
3209,881036b181fffff
3210,88103441a3fffff
3211,8811a92ce7fffff
3212,8810369501fffff
3213,8810344a43fffff
3214,88103684cbfffff
3215,881036a363fffff
3216,8810344c09fffff
3217,8811a92597fffff
3218,8811a92d11fffff
3219,881036b0adfffff
3220,8810344f1dfffff
3221,8810368e95fffff
3222,8810344891fffff
3223,8810344a15fffff
3224,881036a327fffff
3225,88103691abfffff
3226,8810368419fffff
3227,881034c9bdfffff
3228,8811a925a9fffff
3229,8810368763fffff
3230,881036b1bbfffff
3231,881034c9c3fffff
3232,8810368565fffff
3233,88103690d5fffff
3234,881036bb49fffff
3235,8810344e15fffff
3236,8811a92edbfffff
3237,88103690b3fffff
3238,8811a92f17fffff
3239,8810368db9fffff
3240,8810368ccbfffff
3241,881036b73dfffff
3242,8810369095fffff
3243,8810344a2dfffff
3244,8810344da3fffff
3245,881036a245fffff
3246,88103459a9fffff
3247,8810369237fffff
3248,881036b937fffff
3249,881036a21dfffff
3250,8810345083fffff
3251,88103692a9fffff
3252,8810345937fffff
3253,881036b2adfffff
3254,881036871dfffff
3255,8811a92527fffff
3256,881034412bfffff
3257,8810368661fffff
3258,881036ba5bfffff
3259,881034c9e7fffff
3260,8810344013fffff
3261,8811a9253bfffff
3262,8810368d17fffff
3263,881034c811fffff
3264,8810369053fffff
3265,8810369233fffff
3266,881036940bfffff
3267,8810361759fffff
3268,8810344a29fffff
3269,881036b14bfffff
3270,8810345b19fffff
3271,881036859bfffff
3272,8811a92c67fffff
3273,881036b2d3fffff
3274,8810344b69fffff
3275,8811a926e7fffff
3276,8810344b41fffff
3277,8810344ee9fffff
3278,8810345a33fffff
3279,8811a92cd1fffff
3280,8810368c95fffff
3281,8810344885fffff
3282,8810368729fffff
3283,881036b069fffff
3284,8810345011fffff
3285,8810344167fffff
3286,8811a926a3fffff
3287,8810368e0dfffff
3288,8811a92435fffff
3289,8810361631fffff
3290,8811a92405fffff
3291,881036b96bfffff
3292,88103448e5fffff
3293,8811a92d95fffff
3294,881034488bfffff
3295,88103441edfffff
3296,8811a925c7fffff
3297,8810345a5bfffff
3298,8810368e89fffff
3299,8810368721fffff
3300,8810344985fffff
3301,8810368ca9fffff
3302,8810368541fffff
3303,8811a9259bfffff
3304,881036b0c7fffff
3305,8810344249fffff
3306,8810345239fffff
3307,881036b0a7fffff
3308,8811a92d93fffff
3309,88103692b9fffff
3310,8810345941fffff
3311,8810368cd3fffff
3312,8810345aa3fffff
3313,881034521dfffff
3314,8810345963fffff
3315,881036bb5bfffff
3316,881036b857fffff
3317,881034486bfffff
3318,8810368589fffff
3319,8810368dd3fffff
3320,8810369493fffff
3321,8810344a59fffff
3322,8810368263fffff
3323,8810344f41fffff
3324,8810361613fffff
3325,8810345365fffff
3326,8810345015fffff
3327,8810344313fffff
3328,8810345b13fffff
3329,8810345921fffff
3330,8810361667fffff
3331,8811a92c61fffff
3332,881036b991fffff
3333,88103682b7fffff
3334,8810369183fffff
3335,8810368c0bfffff
3336,881036b349fffff
3337,881036963dfffff
3338,8810368f01fffff
3339,8810368723fffff
3340,881036b235fffff
3341,881034482bfffff
3342,881036b851fffff
3343,881036b2d9fffff
3344,8810369abbfffff
3345,8810345a3dfffff
3346,8810345acbfffff
3347,881036948dfffff
3348,8811a925d9fffff
3349,8810369707fffff
3350,8810368747fffff
3351,8811a92d57fffff
3352,8810344989fffff
3353,8810369483fffff
3354,881036b257fffff
3355,88103450a3fffff
3356,8810368191fffff
3357,881034414bfffff
3358,881034431dfffff
3359,88103690dbfffff
3360,881036b313fffff
3361,8810369641fffff
3362,881036b94bfffff
3363,8810368ec1fffff
3364,8810345b07fffff
3365,8810344135fffff
3366,88103441a5fffff
3367,8810344aebfffff
3368,8810369043fffff
3369,881036b9b1fffff
3370,881036b109fffff
3371,881036b2b9fffff
3372,8810344f67fffff
3373,8810368da7fffff
3374,8811a92c4bfffff
3375,8810345257fffff
3376,8810368da5fffff
3377,8810361647fffff
3378,8810369437fffff
3379,8810344eedfffff
3380,8810369acbfffff
3381,881034511bfffff
3382,88103680a1fffff
3383,88103684c7fffff
3384,8811a92c21fffff
3385,8810369427fffff
3386,88103695a9fffff
3387,8810344debfffff
3388,8811a92e9bfffff
3389,88103680cdfffff
3390,8811a92681fffff
3391,8810361637fffff
3392,881036b195fffff
3393,8811a92eb5fffff
3394,8810344a65fffff
3395,881036b159fffff
3396,8810344967fffff
3397,8810344825fffff
3398,8810368429fffff
3399,88103682b9fffff
3400,88103442e7fffff
3401,881036a249fffff
3402,8810344f6dfffff
3403,88103459edfffff
3404,8811a92c6dfffff
3405,8810345169fffff
3406,8810369081fffff
3407,8810369ad1fffff
3408,8810344c57fffff
3409,881036975dfffff
3410,8811a92d3bfffff
3411,881034508dfffff
3412,88103441cbfffff
3413,881036a205fffff
3414,8810361753fffff
3415,88103448b5fffff
3416,8810368281fffff
3417,881036ba4bfffff
3418,88103695b1fffff
3419,8810344b39fffff
3420,881036ba59fffff
3421,881036b1a7fffff
3422,8811a92f39fffff
3423,881036a263fffff
3424,88103441c5fffff
3425,881036b049fffff
3426,8811a92687fffff
3427,8810345a67fffff
3428,881036b113fffff
3429,881036a049fffff
3430,8810369701fffff
3431,8810344d43fffff
3432,8810369135fffff
3433,8810344c4dfffff
3434,8811a92cc3fffff
3435,8810369739fffff
3436,88103680e7fffff
3437,8810344893fffff
3438,8810344a9dfffff
3439,8810344185fffff
3440,8810344913fffff
3441,881034581dfffff
3442,88103682c5fffff
3443,8810369631fffff
3444,881036b8c3fffff
3445,88103440e9fffff
3446,881036a05dfffff
3447,8810369ab5fffff
3448,8810345b37fffff
3449,8810345b27fffff
3450,8810344b49fffff
3451,881036b8a9fffff
3452,8811a92f53fffff
3453,8810344889fffff
3454,8810345037fffff
3455,88103459adfffff
3456,8810369757fffff
3457,881034522bfffff
3458,881036ba93fffff
3459,881036a30bfffff
3460,8811a9240bfffff
3461,881036b33bfffff
3462,8810369035fffff
3463,881036ba5dfffff
3464,8810344e1bfffff
3465,881036846dfffff
3466,881036b045fffff
3467,8811a92c33fffff
3468,8811a92cbbfffff
3469,881036b025fffff
3470,88103681b1fffff
3471,8810345a69fffff
3472,881036825bfffff
3473,8810369401fffff
3474,88103442adfffff
3475,88103698c5fffff
3476,8810368013fffff
3477,8810344aa1fffff
3478,88103686d3fffff
3479,8810368ad9fffff
3480,881036ba23fffff
3481,8810369285fffff
3482,8811a9259dfffff
3483,88103685a3fffff
3484,881036a235fffff
3485,88103692b3fffff
3486,881036872dfffff
3487,8810368485fffff
3488,8810368583fffff
3489,881036a285fffff
3490,8810344c29fffff
3491,8811a92f1bfffff
3492,8810361629fffff
3493,8810368557fffff
3494,8810344ab5fffff
3495,881036b241fffff
3496,88103452a7fffff
3497,881036a221fffff
3498,8810369107fffff
3499,8810368065fffff
3500,88103449b3fffff
3501,8810369469fffff
3502,8810345199fffff
3503,881036855dfffff
3504,881036b061fffff
3505,881036b1c1fffff
3506,881036b1b9fffff
3507,88103685cbfffff
3508,881036b925fffff
3509,881034504bfffff
3510,8810368e2dfffff
3511,881036b935fffff
3512,881036b9b5fffff
3513,881034588dfffff
3514,8810368463fffff
3515,8810344d59fffff
3516,8810368547fffff
3517,881036b131fffff
3518,8811a924d3fffff
3519,8810369721fffff
3520,8810368569fffff
3521,881036b845fffff
3522,88103696e5fffff
3523,8810368eabfffff
3524,8811a925cdfffff
3525,881036bb67fffff
3526,8810368c8dfffff
3527,88103686a1fffff
3528,8811a92c57fffff
3529,8810344327fffff
3530,88103680c9fffff
3531,8810368f6bfffff
3532,8811a92dcbfffff
3533,8810368091fffff
3534,8811a92eebfffff
3535,881036b915fffff
3536,8810344337fffff
3537,881036b2cbfffff
3538,8810369023fffff
3539,88103681e1fffff
3540,88103695bbfffff
3541,881036b835fffff
3542,8810345925fffff
3543,8810344a49fffff
3544,88103684b3fffff
3545,88103451e7fffff
3546,8810345a1dfffff
3547,8811a92ecbfffff
3548,8810369063fffff
3549,881036974dfffff
3550,8810345193fffff
3551,8811a924a3fffff
3552,8811a92403fffff
3553,8810344a0bfffff
3554,8810344f09fffff
3555,8811a92c23fffff
3556,8810368715fffff
3557,8810344859fffff
3558,88103682adfffff
3559,88103459b5fffff
3560,8810344369fffff
3561,8811a92eb3fffff
3562,88103458c5fffff
3563,88103440e7fffff
3564,8810345a39fffff
3565,8810369489fffff
3566,8810345837fffff
3567,8811a924c1fffff
3568,8810345047fffff
3569,881036bacbfffff
3570,8810344147fffff
3571,881034c827fffff
3572,8810344d63fffff
3573,881036b213fffff
3574,8810368f49fffff
3575,881036b143fffff
3576,8811a92d5bfffff
3577,8810344315fffff
3578,881036a223fffff
3579,881036baa7fffff
3580,8811a92ebbfffff
3581,8811a925c3fffff
3582,8810345999fffff
3583,8810368ebbfffff
3584,881036b209fffff
3585,8811a92491fffff
3586,881036ba8bfffff
3587,8810344da7fffff
3588,8811a92c8bfffff
3589,8810369197fffff
3590,88103449adfffff
3591,881036b83dfffff
3592,8810344f57fffff
3593,88103450adfffff
3594,8811a9245dfffff
3595,8811a924e9fffff
3596,881036828bfffff
3597,8810368e31fffff
3598,881036836bfffff
3599,88103694c1fffff
3600,8810345a43fffff
3601,8810368627fffff
3602,88103685a1fffff
3603,881036a281fffff
3604,881036951dfffff
3605,88103698cbfffff
3606,88103681b3fffff
3607,8810368db3fffff
3608,8810369157fffff
3609,881036908bfffff
3610,881036b8c7fffff
3611,8810368cadfffff
3612,8810345883fffff
3613,881036b859fffff
3614,88103684d1fffff
3615,88103694a3fffff
3616,8811a92493fffff
3617,881036b183fffff
3618,8810368d81fffff
3619,8810369003fffff
3620,8810345195fffff
3621,8810344b35fffff
3622,8810345853fffff
3623,88103449d7fffff
3624,881036b0e5fffff
3625,881036a059fffff
3626,881034594bfffff
3627,88103442abfffff
3628,8810344317fffff
3629,88103459d5fffff
3630,8810369693fffff
3631,8811a92555fffff
3632,88103440b9fffff
3633,88103459e7fffff
3634,881036829dfffff
3635,881036a141fffff
3636,88103448c7fffff
3637,8810368e11fffff
3638,8810344919fffff
3639,8810369529fffff
3640,8810344a5dfffff
3641,8811a92c5bfffff
3642,8811a92cd9fffff
3643,88103692bdfffff
3644,881036948bfffff
3645,8810345155fffff
3646,881036165dfffff
3647,88103695cbfffff
3648,8810344f2bfffff
3649,8810345ae5fffff
3650,8810344237fffff
3651,8810368095fffff
3652,881036a329fffff
3653,8810344a13fffff
3654,8811a9248bfffff
3655,8810368213fffff
3656,8810345317fffff
3657,88103684edfffff
3658,8810369193fffff
3659,88103680d5fffff
3660,8810368631fffff
3661,8810345a6dfffff
3662,881036946dfffff
3663,881034484bfffff
3664,881034483dfffff
3665,88103442b5fffff
3666,8810368ed7fffff
3667,881036b815fffff
3668,881036870bfffff
3669,8810344d51fffff
3670,8810345a87fffff
3671,8810369421fffff
3672,881036a321fffff
3673,8811a9252bfffff
3674,881034c9d1fffff
3675,8810368f07fffff
3676,8811a92c63fffff
3677,881036b561fffff
3678,88103448a1fffff
3679,8810345065fffff
3680,881036866bfffff
3681,881036820bfffff
3682,8810345a29fffff
3683,88103440a5fffff
3684,88103459ddfffff
3685,881034585bfffff
3686,88103692ddfffff
3687,881036b985fffff
3688,88103449d3fffff
3689,8810368241fffff
3690,8810368549fffff
3691,8810344059fffff
3692,8810344b17fffff
3693,881036b251fffff
3694,8810345825fffff
3695,881036841bfffff
3696,8810368f33fffff
3697,881036b03bfffff
3698,8810345959fffff
3699,8810345865fffff
3700,8810345ae3fffff
3701,8810368295fffff
3702,8810368297fffff
3703,88103695ddfffff
3704,8810368f6dfffff
3705,8811a92c95fffff
3706,8810368ecdfffff
3707,881036872bfffff
3708,8810369533fffff
3709,8810369289fffff
3710,88103681c3fffff
3711,88103690abfffff
3712,88103684e5fffff
3713,881036bb29fffff
3714,8810368249fffff
3715,88103692e5fffff
3716,88103692e3fffff
3717,8810344119fffff
3718,88103441d9fffff
3719,881036b12dfffff
3720,881036b301fffff
3721,8810344d41fffff
3722,881036b007fffff
3723,881036b837fffff
3724,8810368529fffff
3725,8811a92443fffff
3726,881036b16dfffff
3727,881036960bfffff
3728,88103448e1fffff
3729,8810345b63fffff
3730,881034480bfffff
3731,8810368255fffff
3732,88103449d9fffff
3733,8811a92515fffff
3734,881036ba37fffff
3735,88103696a1fffff
3736,8810344a69fffff
3737,881036944dfffff
3738,8810345a09fffff
3739,8810345069fffff
3740,8810344b6dfffff
3741,881036a053fffff
3742,8810345b03fffff
3743,88103696edfffff
3744,8810368669fffff
3745,8810369459fffff
3746,8810369199fffff
3747,8810344045fffff
3748,8810368cb5fffff
3749,88103692a7fffff
3750,881036b80dfffff
3751,8810369a9dfffff
3752,8811a92e31fffff
3753,881036bb37fffff
3754,8810361669fffff
3755,881036b721fffff
3756,88103681b7fffff
3757,8811a92dd3fffff
3758,8810344363fffff
3759,881036b965fffff
3760,881036a35bfffff
3761,88103698dbfffff
3762,8810344089fffff
3763,881036a30dfffff
3764,8810368ca1fffff
3765,881036b337fffff
3766,8810361699fffff
3767,881036ba6dfffff
3768,881036945dfffff
3769,881034416dfffff
3770,8810344027fffff
3771,8810344b53fffff
3772,8811a92f31fffff
3773,8810345307fffff
3774,8810369041fffff
3775,8810344a9bfffff
3776,88103682d9fffff
3777,881036bae3fffff
3778,881036b761fffff
3779,881034531dfffff
3780,8810345151fffff
3781,881036b0b1fffff
3782,88103451c3fffff
3783,881036b91bfffff
3784,8810368d57fffff
3785,88103681bbfffff
3786,8810368e5bfffff
3787,8810345053fffff
3788,8810345995fffff
3789,8811a92dd7fffff
3790,881036b949fffff
3791,88103449c1fffff
3792,8810344dedfffff
3793,881036802dfffff
3794,881036a365fffff
3795,8810344a3bfffff
3796,8810344c67fffff
3797,881036b2c7fffff
3798,8810345b15fffff
3799,8811a925b9fffff
3800,8810344d39fffff
3801,8810344a41fffff
3802,8810344a1bfffff
3803,881036b093fffff
3804,881036805bfffff
3805,881034499dfffff
3806,88103686c3fffff
3807,8810368d4dfffff
3808,88103616ebfffff
3809,8811a92d03fffff
3810,881036b88dfffff
3811,8810344561fffff
3812,881036b8e1fffff
3813,88103449d1fffff
3814,8810368e87fffff
3815,8810368e53fffff
3816,881036954bfffff
3817,88103458b9fffff
3818,881034589dfffff
3819,881034c9d7fffff
3820,881036b19dfffff
3821,881036955dfffff
3822,88103686e7fffff
3823,8810345a21fffff
3824,8810368311fffff
3825,8810345abbfffff
3826,8810368e1bfffff
3827,88103698e3fffff
3828,88103448edfffff
3829,88103440c5fffff
3830,8810344a33fffff
3831,8811a92c99fffff
3832,8810344c53fffff
3833,8810344b33fffff
3834,8810369741fffff
3835,88103696a5fffff
3836,8810369713fffff
3837,8810344f23fffff
3838,8810368f27fffff
3839,8811a92e81fffff
3840,88103441bdfffff
3841,881036ba15fffff
3842,8811a924e3fffff
3843,881036818dfffff
3844,8810345983fffff
3845,8811a92eb7fffff
3846,8810369747fffff
3847,8810345915fffff
3848,8810345857fffff
3849,8811a926d9fffff
3850,881036b8cbfffff
3851,8810344897fffff
3852,8810344883fffff
3853,881036aa67fffff
3854,881034500dfffff
3855,8810368605fffff
3856,881036b731fffff
3857,88103441ddfffff
3858,8810344c55fffff
3859,881034533bfffff
3860,8811a92cadfffff
3861,8811a92dd5fffff
3862,8810368ce5fffff
3863,88103692d1fffff
3864,881036b265fffff
3865,8810344d23fffff
3866,881034419bfffff
3867,8810368437fffff
3868,88103449edfffff
3869,88103698cdfffff
3870,88103451e3fffff
3871,8810344e0dfffff
3872,88103691d9fffff
3873,8810345895fffff
3874,8810344f05fffff
3875,8810368093fffff
3876,8811a92693fffff
3877,881036ba9dfffff
3878,8810344955fffff
3879,881036b293fffff
3880,881036b565fffff
3881,8810345121fffff
3882,8810344e31fffff
3883,881034411bfffff
3884,8810368331fffff
3885,881036956bfffff
3886,8810368285fffff
3887,88103452e1fffff
3888,881036bb03fffff
3889,881034500bfffff
3890,88103459a5fffff
3891,8810368413fffff
3892,881036b233fffff
3893,881036b23dfffff
3894,8810361751fffff
3895,881036bb25fffff
3896,881036b1a1fffff
3897,88103694c9fffff
3898,8810345b01fffff
3899,8810368059fffff
3900,881036b92bfffff
3901,881036944bfffff
3902,8810344d09fffff
3903,881036a061fffff
3904,88103681d3fffff
3905,88103694adfffff
3906,8810345089fffff
3907,8810368467fffff
3908,88103459a3fffff
3909,8810368c8bfffff
3910,881036aa21fffff
3911,8810345027fffff
3912,881036a2a7fffff
3913,8810344133fffff
3914,8810368653fffff
3915,881034c813fffff
3916,8811a92537fffff
3917,8810368ec3fffff
3918,8810344235fffff
3919,8810369083fffff
3920,881036845bfffff
3921,88103698d7fffff
3922,881036a009fffff
3923,8810344055fffff
3924,88103680e1fffff
3925,8811a92417fffff
3926,8811a92cb7fffff
3927,881036bb07fffff
3928,88103680e3fffff
3929,88103696ebfffff
3930,8810344a57fffff
3931,88103441abfffff
3932,8811a92cd3fffff
3933,8810368339fffff
3934,881034401bfffff
3935,881036b805fffff
3936,881036b13dfffff
3937,8810344233fffff
3938,8811a92453fffff
3939,88103449d5fffff
3940,8810345129fffff
3941,8810368c83fffff
3942,8810345229fffff
3943,88103681edfffff
3944,8810368023fffff
3945,8810368633fffff
3946,881036a201fffff
3947,8811a92ca5fffff
3948,88103458dbfffff
3949,88103458edfffff
3950,8810345b0dfffff
3951,8810361713fffff
3952,8810345267fffff
3953,88103451ddfffff
3954,88103448b7fffff
3955,8810368c25fffff
3956,88103690e1fffff
3957,881036850bfffff
3958,881036a06dfffff
3959,8810344c2bfffff
3960,8810369751fffff
3961,8810369593fffff
3962,8810345147fffff
3963,8810368159fffff
3964,88103698ddfffff
3965,881036941bfffff
3966,8810344c47fffff
3967,88103680b5fffff
3968,881036b2e5fffff
3969,881036828dfffff
3970,881034520dfffff
3971,881036b261fffff
3972,8810344217fffff
3973,8811a924abfffff
3974,881036b957fffff
3975,8811a924dbfffff
3976,88103441dbfffff
3977,8810368c87fffff
3978,881036803bfffff
3979,88103440edfffff
3980,881036b909fffff
3981,881034593dfffff
3982,88103458c7fffff
3983,881036b14dfffff
3984,881034412dfffff
3985,8810368613fffff
3986,881034c989fffff
3987,8811a92eabfffff
3988,881036144dfffff
3989,881034505bfffff
3990,8810368655fffff
3991,881036b2c3fffff
3992,88103686edfffff
3993,88103451c7fffff
3994,88103685bdfffff
3995,8810369527fffff
3996,881036b74dfffff
3997,881034584dfffff
3998,8810345157fffff
3999,881034599bfffff
4000,8810344903fffff
4001,881034408bfffff
4002,881036b749fffff
4003,8810369655fffff
4004,8810369551fffff
4005,881036800bfffff
4006,8810344837fffff
4007,8810368043fffff
4008,88103695cdfffff
4009,8810368d89fffff
4010,8810344a81fffff
4011,88103698c1fffff
4012,8810345a45fffff
4013,8810344e29fffff
4014,8810369007fffff
4015,8810344f2dfffff
4016,8811a92f01fffff
4017,8810369569fffff
4018,881036bae7fffff
4019,88103441e7fffff
4020,8810345a91fffff
4021,8810344991fffff
4022,8810368e41fffff
4023,8810368c81fffff
4024,8810345923fffff
4025,881036a339fffff
4026,881036bac5fffff
4027,8810369725fffff
4028,8811a9258dfffff
4029,881036b00bfffff
4030,881036b1edfffff
4031,8811a924c3fffff
4032,8810344f11fffff
4033,881036b169fffff
4034,88103451adfffff
4035,881036b351fffff
4036,88103686d7fffff
4037,8810344161fffff
4038,881036b0c1fffff
4039,8811a92c35fffff
4040,88103450b9fffff
4041,8810345a27fffff
4042,8811a92cebfffff
4043,8810368719fffff
4044,8810344c6dfffff
4045,8810361685fffff
4046,8810344141fffff
4047,881034404bfffff
4048,8810369629fffff
4049,8810368ca7fffff
4050,881036babdfffff
4051,88103691d3fffff
4052,8810345a0bfffff
4053,881036a351fffff
4054,881034434bfffff
4055,881036b035fffff
4056,88103686a9fffff
4057,881034c831fffff
4058,881034591dfffff
4059,8811a925e9fffff
4060,881036875dfffff
4061,8810368f15fffff
4062,881036b295fffff
4063,881036b291fffff
4064,8810368e33fffff
4065,8810345029fffff
4066,881036aa2dfffff
4067,88103442e3fffff
4068,8810344b01fffff
4069,881036965bfffff
4070,88103684d3fffff
4071,881036b93bfffff
4072,88103458b3fffff
4073,881036818bfffff
4074,8810344b07fffff
4075,8810344a31fffff
4076,8810369711fffff
4077,8810368e05fffff
4078,8810369625fffff
4079,8810368307fffff
4080,8810369a8dfffff
4081,88103441a7fffff
4082,88103448ddfffff
4083,881036ba13fffff
4084,8810368e13fffff
4085,881036b887fffff
4086,8810368511fffff
4087,8810344f31fffff
4088,8810368247fffff
4089,8811a92ee9fffff
4090,88103686ddfffff
4091,881036830dfffff
4092,8810344d35fffff
4093,881036b0a9fffff
4094,88103685dbfffff
4095,8810368db1fffff
4096,8811a92cc5fffff
4097,8810344abbfffff
4098,8810368299fffff
4099,881036bb15fffff
4100,881034526bfffff
4101,8810369543fffff
4102,88103682bdfffff
4103,8810368257fffff
4104,881036b8edfffff
4105,881036963bfffff
4106,881036b9abfffff
4107,881034c99bfffff
4108,8810344815fffff
4109,8810345335fffff
4110,881036174dfffff
4111,8810368c29fffff
4112,881036858dfffff
4113,8810344153fffff
4114,8810345369fffff
4115,8810368ee9fffff
4116,881036b119fffff
4117,8810344125fffff
4118,8810344a97fffff
4119,881036b8b9fffff
4120,881036b907fffff
4121,8811a92cb5fffff
4122,8810344b25fffff
4123,8810368cc1fffff
4124,8811a9252dfffff
4125,8811a92c03fffff
4126,881036b911fffff
4127,88103440b3fffff
4128,8810344323fffff
4129,8810345991fffff
4130,8810344de1fffff
4131,881036bb11fffff
4132,881034503dfffff
4133,8811a926a7fffff
4134,8810369037fffff
4135,8810369ad5fffff
4136,881034406bfffff
4137,881036b8e5fffff
4138,88103440cbfffff
4139,88103696e7fffff
4140,8810345acdfffff
4141,881036ba65fffff
4142,881036b2ebfffff
4143,881036a2a3fffff
4144,881036b08bfffff
4145,881036aa69fffff
4146,88103685b9fffff
4147,8811a92ea1fffff
4148,88103458d5fffff
4149,8810344819fffff
4150,881034589bfffff
4151,8810344c43fffff
4152,88103681ebfffff
4153,88103440a7fffff
4154,8811a92ca1fffff
4155,8810361681fffff
4156,881036b2e1fffff
4157,8810368eebfffff
4158,8811a924a7fffff
4159,881036ba31fffff
4160,881036b549fffff
4161,8810345953fffff
4162,881036902bfffff
4163,881036949dfffff
4164,8811a92c37fffff
4165,881036b963fffff
4166,8810344f13fffff
4167,881036a307fffff
4168,8810345ad9fffff
4169,88103695e9fffff
4170,881034419dfffff
4171,8811a925b3fffff
4172,881034c9d3fffff
4173,8810368483fffff
4174,8810368069fffff
4175,88103690d9fffff
4176,88103459c9fffff
4177,881036860bfffff
4178,881036b2a5fffff
4179,88103690c9fffff
4180,881036820dfffff
4181,8811a92c19fffff
4182,881034436dfffff
4183,881036bad5fffff
4184,8810368ed3fffff
4185,8810345353fffff
4186,8810368349fffff
4187,88103685c5fffff
4188,8810344053fffff
4189,8811a92495fffff
4190,8810368667fffff
4191,8811a9253dfffff
4192,8810344f35fffff
4193,88103450b1fffff
4194,8810344f25fffff
4195,8810345331fffff
4196,881036929dfffff
4197,88103440b5fffff
4198,881036b091fffff
4199,8810369ac7fffff
4200,881036bb13fffff
4201,8810369101fffff
4202,8810369753fffff
4203,881034c807fffff
4204,8811a92f03fffff
4205,8810345021fffff
4206,881034c835fffff
4207,8810368f31fffff
4208,8811a92ce5fffff
4209,8810369689fffff
4210,881034522dfffff
4211,8810344851fffff
4212,8810368c93fffff
4213,881034403bfffff
4214,88103459c1fffff
4215,8810368189fffff
4216,8810344b15fffff
4217,8810345b4dfffff
4218,8810345967fffff
4219,8810344c03fffff
4220,8810344525fffff
4221,8810345131fffff
4222,88103680a9fffff
4223,881036b96dfffff
4224,881036824dfffff
4225,8811a92433fffff
4226,88103692b1fffff
4227,8810345a47fffff
4228,8810344ab7fffff
4229,8810361293fffff
4230,881036870dfffff
4231,8811a92d39fffff
4232,8810344943fffff
4233,8810344329fffff
4234,881036a019fffff
4235,8810345ae9fffff
4236,881036a325fffff
4237,8810344b59fffff
4238,88103695a1fffff
4239,88103681a1fffff
4240,88103440ebfffff
4241,88103441e9fffff
4242,8810368003fffff
4243,88103616d7fffff
4244,88103682d3fffff
4245,881036b81dfffff
4246,8810344853fffff
4247,8810344963fffff
4248,8811a92dbdfffff
4249,881036b547fffff
4250,88103691c3fffff
4251,8810344a4dfffff
4252,8810344b57fffff
4253,881034585dfffff
4254,88103682d7fffff
4255,88103616d1fffff
4256,8810368199fffff
4257,88103692d5fffff
4258,8810344ac1fffff
4259,8810345b3dfffff
4260,8810368ddbfffff
4261,8810344ee5fffff
4262,8810368617fffff
4263,881036a237fffff
4264,88103686cdfffff
4265,8811a92425fffff
4266,8811a92c89fffff
4267,881036b259fffff
4268,881036a005fffff
4269,881036b001fffff
4270,8810345929fffff
4271,88103685d7fffff
4272,881036a2adfffff
4273,8810344353fffff
4274,881036b8bdfffff
4275,88103692abfffff
4276,881036b2d7fffff
4277,8810368f17fffff
4278,8810344ab3fffff
4279,8810344a39fffff
4280,8811a92ea9fffff
4281,881036b939fffff
4282,8811a92ec7fffff
4283,8810368cb3fffff
4284,8810345847fffff
4285,881036baebfffff
4286,881036b865fffff
4287,881036950dfffff
4288,881036badbfffff
4289,8810368609fffff
4290,88103684b7fffff
4291,8810344f4bfffff
4292,881036834dfffff
4293,881036b86dfffff
4294,8810345aadfffff
4295,8810344c51fffff
4296,881036ba39fffff
4297,88103695bdfffff
4298,8810369a93fffff
4299,881036805dfffff
4300,88103459dbfffff
4301,8810369591fffff
4302,881036b997fffff
4303,88103441b1fffff
4304,8810345863fffff
4305,8810369507fffff
4306,881034586dfffff
4307,881034424dfffff
4308,88103451ebfffff
4309,881036952dfffff
4310,8810368527fffff
4311,881036bab5fffff
4312,8810361655fffff
4313,8810345a93fffff
4314,88103684d9fffff
4315,8810344c61fffff
4316,881034c9b1fffff
4317,88103448cdfffff
4318,881036b1ebfffff
4319,8810345a31fffff
4320,8810344211fffff
4321,88103440a3fffff
4322,88103681a9fffff
4323,8810368d53fffff
4324,8810368401fffff
4325,8810361693fffff
4326,8810344f63fffff
4327,8810344d29fffff
4328,881036b769fffff
4329,8810345321fffff
4330,881034581bfffff
4331,8810345a81fffff
4332,8810368315fffff
4333,88103685c7fffff
4334,881034c9e3fffff
4335,8810368461fffff
4336,881034516dfffff
4337,8810344035fffff
4338,8810369763fffff
4339,8810368029fffff
4340,8811a925d7fffff
4341,8811a92db3fffff
4342,8810368cedfffff
4343,881036876dfffff
4344,881036b8a7fffff
4345,8811a92c2dfffff
4346,881036a353fffff
4347,88103458b5fffff
4348,8811a92523fffff
4349,881036b92dfffff
4350,8811a92dddfffff
4351,881036b0d7fffff
4352,8810368001fffff
4353,8810368f3dfffff
4354,88103459bbfffff
4355,8810368e67fffff
4356,881036a00dfffff
4357,8810345a5dfffff
4358,88103682c3fffff
4359,8811a92e11fffff
4360,881036b29bfffff
4361,881036863dfffff
4362,88103692bbfffff
4363,881034c82bfffff
4364,881034499bfffff
4365,881036b0d3fffff
4366,881034530dfffff
4367,88103440cdfffff
4368,881036b25dfffff
4369,8811a92cdbfffff
4370,881036b841fffff
4371,88103685cdfffff
4372,8810369419fffff
4373,8810369411fffff
4374,8811a92e33fffff
4375,8810344aa3fffff
4376,881036b2b5fffff
4377,8811a92de7fffff
4378,8810369aa9fffff
4379,881036bb23fffff
4380,8810344061fffff
4381,8810344857fffff
4382,88103685a9fffff
4383,88103694b5fffff
4384,8810345341fffff
4385,881036b085fffff
4386,88103692b5fffff
4387,8810368261fffff
4388,881036902dfffff
4389,8810369729fffff
4390,88103440c1fffff
4391,881036ba85fffff
4392,8810344e25fffff
4393,881034c9dbfffff
4394,8810344da9fffff
4395,881034580dfffff
4396,8810345067fffff
4397,881036874bfffff
4398,88103695b3fffff
4399,8810345319fffff
4400,881034513bfffff
4401,8810369455fffff
4402,8810345861fffff
4403,8811a92cd7fffff
4404,8810344951fffff
4405,8811a926d1fffff
4406,88103449a1fffff
4407,881036b0abfffff
4408,8810344c63fffff
4409,8810368d39fffff
4410,881036b103fffff
4411,88103458bbfffff
4412,8811a926bdfffff
4413,881036861bfffff
4414,881036856bfffff
4415,8810368055fffff
4416,8810368ed5fffff
4417,8810369295fffff
4418,881036b54bfffff
4419,8810344145fffff
4420,88103448cbfffff
4421,88103616e5fffff
4422,8810345059fffff
4423,881034c8e7fffff
4424,8810368303fffff
4425,881036a32bfffff
4426,881036ab5bfffff
4427,8811a926c1fffff
4428,8810344225fffff
4429,8810345a9bfffff
4430,8810369463fffff
4431,881036b0e9fffff
4432,8810344e13fffff
4433,881034c8e5fffff
4434,881036b99dfffff
4435,8810345833fffff
4436,8811a92e39fffff
4437,8811a924a5fffff
4438,881036b35bfffff
4439,8811a92699fffff
4440,88103440bdfffff
4441,8810344c31fffff
4442,8811a926b7fffff
4443,8810344529fffff
4444,881036819bfffff
4445,881036b267fffff
4446,8811a924ebfffff
4447,8810369431fffff
4448,8810368db5fffff
4449,8810345303fffff
4450,8811a926ddfffff
4451,8810368657fffff
4452,881036a301fffff
4453,881036b767fffff
4454,8811a9250bfffff
4455,8811a925b5fffff
4456,8810344a35fffff
4457,8810344f49fffff
4458,8810368c43fffff
4459,8810369a89fffff
4460,8810344a05fffff
4461,8810368ea9fffff
4462,881036b127fffff
4463,8810344d03fffff
4464,8810345345fffff
4465,8810369621fffff
4466,8810368c85fffff
4467,8810369443fffff
4468,881036a207fffff
4469,8810344863fffff
4470,8811a925cbfffff
4471,881036b95dfffff
4472,881036b729fffff
4473,8810368f53fffff
4474,88103681bdfffff
4475,8810369413fffff
4476,881036b347fffff
4477,8810344dc7fffff
4478,8810345a63fffff
4479,8810368535fffff
4480,8810368f09fffff
4481,8810345031fffff
4482,88103616ddfffff
4483,88103680a5fffff
4484,8810369665fffff
4485,8810368c2dfffff
4486,88103685a7fffff
4487,8810344b0dfffff
4488,881036bb55fffff
4489,88103682a3fffff
4490,8810344a99fffff
4491,88103450abfffff
4492,88103458d7fffff
4493,881036964bfffff
4494,8810345025fffff
4495,8810344e43fffff
4496,8810369433fffff
4497,8810361611fffff
4498,8810344d33fffff
4499,881034c937fffff
4500,881036ba43fffff
4501,881036860dfffff
4502,8810345233fffff
4503,8810345349fffff
4504,881036bb53fffff
4505,88103459e5fffff
4506,881036bb51fffff
4507,88103680e5fffff
4508,88103690bdfffff
4509,881036834bfffff
4510,8810344227fffff
4511,8810345343fffff
4512,8811a92ed9fffff
4513,881034c91bfffff
4514,8810344e11fffff
4515,88103459d3fffff
4516,88103691e9fffff
4517,8810344947fffff
4518,881036b2c9fffff
4519,88103448d1fffff
4520,88103691c5fffff
4521,8810344f61fffff
4522,881036b8b3fffff
4523,88103458d9fffff
4524,88103684a9fffff
4525,8810369139fffff
4526,881036a32dfffff
4527,88103690d7fffff
4528,881036962bfffff
4529,88103682c9fffff
4530,881036ba2dfffff
4531,8810344923fffff
4532,8810368ea3fffff
4533,881036b0bdfffff
4534,881036ba35fffff
4535,88103696a9fffff
4536,8810361741fffff
4537,881036a215fffff
4538,8810368e0bfffff
4539,8810345049fffff
4540,881034c9a3fffff
4541,8811a926edfffff
4542,8810344c37fffff
4543,881036b101fffff
4544,88103451b9fffff
4545,881036a337fffff
4546,881036b129fffff
4547,8810344a85fffff
4548,8811a92423fffff
4549,8810344193fffff
4550,88103441b5fffff
4551,8811a92e13fffff
4552,8811a92cedfffff
4553,8811a924a9fffff
4554,881036b765fffff
4555,881036851bfffff
4556,881036b0a5fffff
4557,8810344001fffff
4558,8810344e07fffff
4559,881034403dfffff
4560,8810368c09fffff
4561,88103442e9fffff
4562,88103616a9fffff
4563,881036b861fffff
4564,88103694bdfffff
4565,881036802bfffff
4566,881036829bfffff
4567,881036842bfffff
4568,881036baa9fffff
4569,8811a92f19fffff
4570,8810345b5bfffff
4571,881034c9a1fffff
4572,8810368f51fffff
4573,88103691b7fffff
4574,881036b0edfffff
4575,881036972dfffff
4576,881036bab3fffff
4577,8810368dcdfffff
4578,8810345265fffff
4579,8810368507fffff
4580,881036b047fffff
4581,8810369497fffff
4582,881034c83dfffff
4583,8810344aabfffff
4584,8810345355fffff
4585,881034c8e3fffff
4586,8810368e9bfffff
4587,8810345899fffff
4588,88103450c7fffff
4589,8810368551fffff
4590,881036b1cdfffff
4591,88103690cbfffff
4592,881036166bfffff
4593,8810344d0dfffff
4594,8810368193fffff
4595,8810344e69fffff
4596,881036b9a5fffff
4597,881036a355fffff
4598,881036b2e7fffff
4599,88103440bbfffff
4600,8810345845fffff
4601,8810368e6bfffff
4602,881036b253fffff
4603,8810368049fffff
4604,8810368481fffff
4605,8810344d25fffff
4606,881036b217fffff
4607,88103680b7fffff
4608,8810368e55fffff
4609,8811a92dc3fffff
4610,8810344dcdfffff
4611,8810345347fffff
4612,8810369549fffff
4613,8810344261fffff
4614,8810368403fffff
4615,881036b327fffff
4616,881036b94dfffff
4617,8811a92dc1fffff
4618,881036bb31fffff
4619,8810345b59fffff
4620,8810344b1bfffff
4621,881036ba4dfffff
4622,8810345a4bfffff
4623,8810368f25fffff
4624,88103449ddfffff
4625,88103691a5fffff
4626,8810344207fffff
4627,8810345115fffff
4628,8810345189fffff
4629,881036169bfffff
4630,8810368e47fffff
4631,8810368243fffff
4632,8810368d11fffff
4633,88103691adfffff
4634,881036b901fffff
4635,881036b157fffff
4636,8810369441fffff
4637,881036b83bfffff
4638,8810345363fffff
4639,881036b745fffff
4640,88103448c9fffff
4641,8810368759fffff
4642,8810361743fffff
4643,8810369599fffff
4644,88103459b7fffff
4645,881036b223fffff
4646,8810368291fffff
4647,881036b335fffff
